Datecadangan,Close,warna,ML,symbol
2001-04-05,547.8889770507811,red,LR,AALI
2001-04-06,547.8889770507811,red,LR,AALI
2001-04-09,547.8889770507811,red,LR,AALI
2001-04-10,547.8889770507811,red,LR,AALI
2001-04-11,547.8889770507811,red,LR,AALI
2001-04-12,547.8889770507811,red,LR,AALI
2001-04-16,547.8889770507811,red,LR,AALI
2001-04-17,524.0679931640625,red,LR,AALI
2001-04-18,524.0679931640625,red,LR,AALI
2001-04-19,500.24700927734375,red,LR,AALI
2001-04-20,452.60400390625,red,LR,AALI
2001-04-23,452.60400390625,red,LR,AALI
2001-04-24,471.6610107421875,red,LR,AALI
2001-04-25,471.6610107421875,red,LR,AALI
2001-04-26,471.6610107421875,red,LR,AALI
2001-04-27,462.1329956054688,red,LR,AALI
2001-04-30,466.8970031738281,red,LR,AALI
2001-05-01,476.4259948730469,red,LR,AALI
2001-05-02,452.60400390625,red,LR,AALI
2001-05-03,466.8970031738281,red,LR,AALI
2001-05-04,490.7179870605469,red,LR,AALI
2001-05-08,476.4259948730469,red,LR,AALI
2001-05-09,476.4259948730469,red,LR,AALI
2001-05-10,476.4259948730469,red,LR,AALI
2001-05-11,500.24700927734375,red,LR,AALI
2001-05-14,500.24700927734375,red,LR,AALI
2001-05-15,547.8889770507811,red,LR,AALI
2001-05-16,571.7109985351562,red,LR,AALI
2001-05-17,571.7109985351562,red,LR,AALI
2001-05-18,571.7109985351562,red,LR,AALI
2001-05-21,547.8889770507811,red,LR,AALI
2001-05-22,571.7109985351562,red,LR,AALI
2001-05-23,547.8889770507811,red,LR,AALI
2001-05-25,595.531982421875,red,LR,AALI
2001-05-28,571.7109985351562,red,LR,AALI
2001-05-29,619.35302734375,red,LR,AALI
2001-05-30,666.9959716796875,red,LR,AALI
2001-05-31,595.531982421875,red,LR,AALI
2001-06-01,547.8889770507811,red,LR,AALI
2001-06-05,547.8889770507811,red,LR,AALI
2001-06-06,547.8889770507811,red,LR,AALI
2001-06-07,571.7109985351562,red,LR,AALI
2001-06-08,595.531982421875,red,LR,AALI
2001-06-11,619.35302734375,red,LR,AALI
2001-06-12,619.35302734375,red,LR,AALI
2001-06-13,643.1740112304688,red,LR,AALI
2001-06-14,643.1740112304688,red,LR,AALI
2001-06-15,643.1740112304688,red,LR,AALI
2001-06-18,666.9959716796875,red,LR,AALI
2001-06-19,666.9959716796875,red,LR,AALI
2001-06-20,857.5659790039062,red,LR,AALI
2001-06-21,1000.489990234375,red,LR,AALI
2001-06-22,929.030029296875,red,LR,AALI
2001-06-25,929.030029296875,red,LR,AALI
2001-06-26,905.2080078125,red,LR,AALI
2001-06-27,905.2080078125,red,LR,AALI
2001-06-28,881.3870239257812,red,LR,AALI
2001-06-29,905.2080078125,red,LR,AALI
2001-07-02,952.8510131835938,red,LR,AALI
2001-07-03,1071.9599609375,red,LR,AALI
2001-07-04,1214.8900146484375,red,LR,AALI
2001-07-05,1167.239990234375,red,LR,AALI
2001-07-06,1333.989990234375,red,LR,AALI
2001-07-09,1500.739990234375,red,LR,AALI
2001-07-10,1405.4599609375,red,LR,AALI
2001-07-11,1476.9200439453125,red,LR,AALI
2001-07-12,1429.280029296875,red,LR,AALI
2001-07-13,1596.030029296875,red,LR,AALI
2001-07-16,1667.489990234375,red,LR,AALI
2001-07-17,1667.489990234375,red,LR,AALI
2001-07-18,1667.489990234375,red,LR,AALI
2001-07-19,1953.3399658203125,red,LR,AALI
2001-07-20,1881.8800048828125,red,LR,AALI
2001-07-23,1810.4200439453125,red,LR,AALI
2001-07-24,1667.489990234375,red,LR,AALI
2001-07-25,1667.489990234375,red,LR,AALI
2001-07-26,1619.8499755859375,red,LR,AALI
2001-07-27,1643.6700439453125,red,LR,AALI
2001-07-30,1643.6700439453125,red,LR,AALI
2001-07-31,1429.280029296875,red,LR,AALI
2001-08-01,1524.56005859375,red,LR,AALI
2001-08-02,1476.9200439453125,red,LR,AALI
2001-08-03,1476.9200439453125,red,LR,AALI
2001-08-06,1429.280029296875,red,LR,AALI
2001-08-07,1429.280029296875,red,LR,AALI
2001-08-08,1453.0999755859375,red,LR,AALI
2001-08-09,1333.989990234375,red,LR,AALI
2001-08-10,1429.280029296875,red,LR,AALI
2001-08-13,1500.739990234375,red,LR,AALI
2001-08-14,1500.739990234375,red,LR,AALI
2001-08-15,1453.0999755859375,red,LR,AALI
2001-08-16,1429.280029296875,red,LR,AALI
2001-08-20,1453.0999755859375,red,LR,AALI
2001-08-21,1500.739990234375,red,LR,AALI
2001-08-22,1500.739990234375,red,LR,AALI
2001-08-23,1548.3800048828125,red,LR,AALI
2001-08-24,1524.56005859375,red,LR,AALI
2001-08-27,1310.1700439453125,red,LR,AALI
2001-08-28,1381.6300048828125,red,LR,AALI
2001-08-29,1262.530029296875,red,LR,AALI
2001-08-30,1262.530029296875,red,LR,AALI
2001-08-31,1238.7099609375,red,LR,AALI
2001-09-03,1214.8900146484375,red,LR,AALI
2001-09-04,1262.530029296875,red,LR,AALI
2001-09-05,1238.7099609375,red,LR,AALI
2001-09-06,1262.530029296875,red,LR,AALI
2001-09-07,1238.7099609375,red,LR,AALI
2001-09-10,1214.8900146484375,red,LR,AALI
2001-09-11,1214.8900146484375,red,LR,AALI
2001-09-12,1119.5999755859377,red,LR,AALI
2001-09-13,1095.780029296875,red,LR,AALI
2001-09-14,1024.31005859375,red,LR,AALI
2001-09-17,905.2080078125,red,LR,AALI
2001-09-18,952.8510131835938,red,LR,AALI
2001-09-19,1048.1400146484377,red,LR,AALI
2001-09-20,1214.8900146484375,red,LR,AALI
2001-09-21,1238.7099609375,red,LR,AALI
2001-09-25,1214.8900146484375,red,LR,AALI
2001-09-26,1143.4200439453125,red,LR,AALI
2001-09-27,1119.5999755859377,red,LR,AALI
2001-10-01,1095.780029296875,red,LR,AALI
2001-10-02,1000.489990234375,red,LR,AALI
2001-10-03,1000.489990234375,red,LR,AALI
2001-10-04,1119.5999755859377,red,LR,AALI
2001-10-05,1095.780029296875,red,LR,AALI
2001-10-08,1048.1400146484377,red,LR,AALI
2001-10-09,1191.06005859375,red,LR,AALI
2001-10-10,1191.06005859375,red,LR,AALI
2001-10-11,1167.239990234375,red,LR,AALI
2001-10-12,1119.5999755859377,red,LR,AALI
2001-10-16,1095.780029296875,red,LR,AALI
2001-10-17,1191.06005859375,red,LR,AALI
2001-10-18,1167.239990234375,red,LR,AALI
2001-10-19,1143.4200439453125,red,LR,AALI
2001-10-22,1167.239990234375,red,LR,AALI
2001-10-23,1071.9599609375,red,LR,AALI
2001-10-24,952.8510131835938,red,LR,AALI
2001-10-25,952.8510131835938,red,LR,AALI
2001-10-26,952.8510131835938,red,LR,AALI
2001-10-29,905.2080078125,red,LR,AALI
2001-10-30,929.030029296875,red,LR,AALI
2001-10-31,976.6719970703124,red,LR,AALI
2001-11-01,929.030029296875,red,LR,AALI
2001-11-02,952.8510131835938,red,LR,AALI
2001-11-05,905.2080078125,red,LR,AALI
2001-11-06,905.2080078125,red,LR,AALI
2001-11-07,833.7449951171875,red,LR,AALI
2001-11-08,809.9229736328125,red,LR,AALI
2001-11-12,809.9229736328125,red,LR,AALI
2001-11-13,809.9229736328125,red,LR,AALI
2001-11-14,857.5659790039062,red,LR,AALI
2001-11-15,857.5659790039062,red,LR,AALI
2001-11-16,857.5659790039062,red,LR,AALI
2001-11-19,905.2080078125,red,LR,AALI
2001-11-20,952.8510131835938,red,LR,AALI
2001-11-21,952.8510131835938,red,LR,AALI
2001-11-22,929.030029296875,red,LR,AALI
2001-11-23,929.030029296875,red,LR,AALI
2001-11-26,929.030029296875,red,LR,AALI
2001-11-27,905.2080078125,red,LR,AALI
2001-11-28,905.2080078125,red,LR,AALI
2001-11-29,905.2080078125,red,LR,AALI
2001-11-30,905.2080078125,red,LR,AALI
2001-12-03,905.2080078125,red,LR,AALI
2001-12-04,905.2080078125,red,LR,AALI
2001-12-05,905.2080078125,red,LR,AALI
2001-12-06,905.2080078125,red,LR,AALI
2001-12-07,929.030029296875,red,LR,AALI
2001-12-10,905.2080078125,red,LR,AALI
2001-12-11,881.3870239257812,red,LR,AALI
2001-12-12,881.3870239257812,red,LR,AALI
2001-12-13,881.3870239257812,red,LR,AALI
2001-12-19,905.2080078125,red,LR,AALI
2001-12-20,905.2080078125,red,LR,AALI
2001-12-21,905.2080078125,red,LR,AALI
2001-12-26,881.3870239257812,red,LR,AALI
2001-12-27,857.5659790039062,red,LR,AALI
2001-12-28,881.3870239257812,red,LR,AALI
2002-01-02,857.5659790039062,red,LR,AALI
2002-01-04,881.3870239257812,red,LR,AALI
2002-01-07,929.030029296875,red,LR,AALI
2002-01-08,881.3870239257812,red,LR,AALI
2002-01-09,952.8510131835938,red,LR,AALI
2002-01-10,976.6719970703124,red,LR,AALI
2002-01-11,1000.489990234375,red,LR,AALI
2002-01-14,1071.9599609375,red,LR,AALI
2002-01-15,1143.4200439453125,red,LR,AALI
2002-01-16,1071.9599609375,red,LR,AALI
2002-01-17,1024.31005859375,red,LR,AALI
2002-01-18,1048.1400146484377,red,LR,AALI
2002-01-21,1048.1400146484377,red,LR,AALI
2002-01-22,1048.1400146484377,red,LR,AALI
2002-01-23,1071.9599609375,red,LR,AALI
2002-01-24,1095.780029296875,red,LR,AALI
2002-01-25,1071.9599609375,red,LR,AALI
2002-01-28,1024.31005859375,red,LR,AALI
2002-01-29,1048.1400146484377,red,LR,AALI
2002-01-30,1048.1400146484377,red,LR,AALI
2002-02-01,1071.9599609375,red,LR,AALI
2002-02-04,1048.1400146484377,red,LR,AALI
2002-02-05,1048.1400146484377,red,LR,AALI
2002-02-06,1048.1400146484377,red,LR,AALI
2002-02-07,1024.31005859375,red,LR,AALI
2002-02-08,1048.1400146484377,red,LR,AALI
2002-02-11,1024.31005859375,red,LR,AALI
2002-02-13,1024.31005859375,red,LR,AALI
2002-02-14,1048.1400146484377,red,LR,AALI
2002-02-15,1071.9599609375,red,LR,AALI
2002-02-18,1095.780029296875,red,LR,AALI
2002-02-19,1048.1400146484377,red,LR,AALI
2002-02-20,1095.780029296875,red,LR,AALI
2002-02-21,1167.239990234375,red,LR,AALI
2002-02-25,1167.239990234375,red,LR,AALI
2002-02-26,1262.530029296875,red,LR,AALI
2002-02-27,1310.1700439453125,red,LR,AALI
2002-02-28,1310.1700439453125,red,LR,AALI
2002-03-01,1333.989990234375,red,LR,AALI
2002-03-04,1286.3499755859375,red,LR,AALI
2002-03-05,1262.530029296875,red,LR,AALI
2002-03-06,1286.3499755859375,red,LR,AALI
2002-03-07,1262.530029296875,red,LR,AALI
2002-03-08,1238.7099609375,red,LR,AALI
2002-03-11,1262.530029296875,red,LR,AALI
2002-03-12,1286.3499755859375,red,LR,AALI
2002-03-13,1286.3499755859375,red,LR,AALI
2002-03-14,1357.81005859375,red,LR,AALI
2002-03-18,1405.4599609375,red,LR,AALI
2002-03-19,1381.6300048828125,red,LR,AALI
2002-03-20,1429.280029296875,red,LR,AALI
2002-03-21,1500.739990234375,red,LR,AALI
2002-03-22,1476.9200439453125,red,LR,AALI
2002-03-25,1476.9200439453125,red,LR,AALI
2002-03-26,1476.9200439453125,red,LR,AALI
2002-03-27,1453.0999755859375,red,LR,AALI
2002-03-28,1524.56005859375,red,LR,AALI
2002-04-01,1691.31005859375,red,LR,AALI
2002-04-02,1619.8499755859375,red,LR,AALI
2002-04-03,1596.030029296875,red,LR,AALI
2002-04-04,1619.8499755859375,red,LR,AALI
2002-04-05,1667.489990234375,red,LR,AALI
2002-04-08,1738.949951171875,red,LR,AALI
2002-04-09,1738.949951171875,red,LR,AALI
2002-04-10,1834.239990234375,red,LR,AALI
2002-04-11,1834.239990234375,red,LR,AALI
2002-04-12,1905.699951171875,red,LR,AALI
2002-04-15,2024.81005859375,red,LR,AALI
2002-04-16,2120.090087890625,red,LR,AALI
2002-04-17,1905.699951171875,red,LR,AALI
2002-04-18,1786.5999755859375,red,LR,AALI
2002-04-19,1691.31005859375,red,LR,AALI
2002-04-22,1762.77001953125,red,LR,AALI
2002-04-23,1810.4200439453125,red,LR,AALI
2002-04-24,1881.8800048828125,red,LR,AALI
2002-04-25,1834.239990234375,red,LR,AALI
2002-04-26,1786.5999755859375,red,LR,AALI
2002-04-29,1643.6700439453125,red,LR,AALI
2002-04-30,1738.949951171875,red,LR,AALI
2002-05-01,1691.31005859375,red,LR,AALI
2002-05-02,1762.77001953125,red,LR,AALI
2002-05-03,1810.4200439453125,red,LR,AALI
2002-05-06,1786.5999755859375,red,LR,AALI
2002-05-07,1810.4200439453125,red,LR,AALI
2002-05-08,1810.4200439453125,red,LR,AALI
2002-05-10,1786.5999755859375,red,LR,AALI
2002-05-13,1762.77001953125,red,LR,AALI
2002-05-14,1715.1300048828125,red,LR,AALI
2002-05-15,1786.5999755859375,red,LR,AALI
2002-05-16,1738.949951171875,red,LR,AALI
2002-05-17,1715.1300048828125,red,LR,AALI
2002-05-20,1691.31005859375,red,LR,AALI
2002-05-21,1715.1300048828125,red,LR,AALI
2002-05-22,1643.6700439453125,red,LR,AALI
2002-05-23,1572.199951171875,red,LR,AALI
2002-05-24,1572.199951171875,red,LR,AALI
2002-05-27,1619.8499755859375,red,LR,AALI
2002-05-28,1643.6700439453125,red,LR,AALI
2002-05-29,1667.489990234375,red,LR,AALI
2002-05-30,1738.949951171875,red,LR,AALI
2002-05-31,1881.8800048828125,red,LR,AALI
2002-06-03,2024.81005859375,red,LR,AALI
2002-06-04,1881.8800048828125,red,LR,AALI
2002-06-05,1953.3399658203125,red,LR,AALI
2002-06-06,1929.52001953125,red,LR,AALI
2002-06-07,1929.52001953125,red,LR,AALI
2002-06-10,1929.52001953125,red,LR,AALI
2002-06-11,1905.699951171875,red,LR,AALI
2002-06-12,1929.52001953125,red,LR,AALI
2002-06-13,2120.090087890625,red,LR,AALI
2002-06-14,2048.6298828125,red,LR,AALI
2002-06-17,2048.6298828125,red,LR,AALI
2002-06-18,2048.6298828125,red,LR,AALI
2002-06-19,1953.3399658203125,red,LR,AALI
2002-06-20,2024.81005859375,red,LR,AALI
2002-06-21,1977.1700439453125,red,LR,AALI
2002-06-24,1929.52001953125,red,LR,AALI
2002-06-25,1905.699951171875,red,LR,AALI
2002-06-26,1810.4200439453125,red,LR,AALI
2002-06-27,1905.699951171875,red,LR,AALI
2002-06-28,1881.8800048828125,red,LR,AALI
2002-07-01,1762.77001953125,red,LR,AALI
2002-07-02,1762.77001953125,red,LR,AALI
2002-07-03,1762.77001953125,red,LR,AALI
2002-07-04,1881.8800048828125,red,LR,AALI
2002-07-05,1810.4200439453125,red,LR,AALI
2002-07-08,1810.4200439453125,red,LR,AALI
2002-07-09,1762.77001953125,red,LR,AALI
2002-07-10,1786.5999755859375,red,LR,AALI
2002-07-11,1715.1300048828125,red,LR,AALI
2002-07-12,1738.949951171875,red,LR,AALI
2002-07-15,1738.949951171875,red,LR,AALI
2002-07-16,1715.1300048828125,red,LR,AALI
2002-07-17,1738.949951171875,red,LR,AALI
2002-07-18,1786.5999755859375,red,LR,AALI
2002-07-19,1834.239990234375,red,LR,AALI
2002-07-22,1762.77001953125,red,LR,AALI
2002-07-23,1786.5999755859375,red,LR,AALI
2002-07-24,1643.6700439453125,red,LR,AALI
2002-07-25,1667.489990234375,red,LR,AALI
2002-07-26,1619.8499755859375,red,LR,AALI
2002-07-29,1667.489990234375,red,LR,AALI
2002-07-30,1715.1300048828125,red,LR,AALI
2002-07-31,1738.949951171875,red,LR,AALI
2002-08-01,1715.1300048828125,red,LR,AALI
2002-08-02,1667.489990234375,red,LR,AALI
2002-08-05,1667.489990234375,red,LR,AALI
2002-08-06,1548.3800048828125,red,LR,AALI
2002-08-07,1572.199951171875,red,LR,AALI
2002-08-08,1548.3800048828125,red,LR,AALI
2002-08-09,1572.199951171875,red,LR,AALI
2002-08-12,1572.199951171875,red,LR,AALI
2002-08-13,1572.199951171875,red,LR,AALI
2002-08-14,1572.199951171875,red,LR,AALI
2002-08-15,1548.3800048828125,red,LR,AALI
2002-08-16,1572.199951171875,red,LR,AALI
2002-08-19,1572.199951171875,red,LR,AALI
2002-08-20,1619.8499755859375,red,LR,AALI
2002-08-21,1643.6700439453125,red,LR,AALI
2002-08-22,1643.6700439453125,red,LR,AALI
2002-08-26,1596.030029296875,red,LR,AALI
2002-08-27,1572.199951171875,red,LR,AALI
2002-08-28,1548.3800048828125,red,LR,AALI
2002-08-29,1548.3800048828125,red,LR,AALI
2002-08-30,1572.199951171875,red,LR,AALI
2002-09-02,1548.3800048828125,red,LR,AALI
2002-09-03,1476.9200439453125,red,LR,AALI
2002-09-04,1381.6300048828125,red,LR,AALI
2002-09-05,1429.280029296875,red,LR,AALI
2002-09-06,1429.280029296875,red,LR,AALI
2002-09-09,1405.4599609375,red,LR,AALI
2002-09-10,1429.280029296875,red,LR,AALI
2002-09-11,1429.280029296875,red,LR,AALI
2002-09-12,1429.280029296875,red,LR,AALI
2002-09-13,1405.4599609375,red,LR,AALI
2002-09-16,1357.81005859375,red,LR,AALI
2002-09-17,1405.4599609375,red,LR,AALI
2002-09-18,1333.989990234375,red,LR,AALI
2002-09-19,1238.7099609375,red,LR,AALI
2002-09-20,1167.239990234375,red,LR,AALI
2002-09-23,1191.06005859375,red,LR,AALI
2002-09-24,1167.239990234375,red,LR,AALI
2002-09-25,1191.06005859375,red,LR,AALI
2002-09-26,1191.06005859375,red,LR,AALI
2002-09-27,1191.06005859375,red,LR,AALI
2002-09-30,1119.5999755859377,red,LR,AALI
2002-10-01,1119.5999755859377,red,LR,AALI
2002-10-02,1071.9599609375,red,LR,AALI
2002-10-03,1095.780029296875,red,LR,AALI
2002-10-07,1024.31005859375,red,LR,AALI
2002-10-08,1071.9599609375,red,LR,AALI
2002-10-09,1048.1400146484377,red,LR,AALI
2002-10-10,1048.1400146484377,red,LR,AALI
2002-10-11,1024.31005859375,red,LR,AALI
2002-10-14,905.2080078125,red,LR,AALI
2002-10-15,905.2080078125,red,LR,AALI
2002-10-16,976.6719970703124,red,LR,AALI
2002-10-17,976.6719970703124,red,LR,AALI
2002-10-18,976.6719970703124,red,LR,AALI
2002-10-21,1000.489990234375,red,LR,AALI
2002-10-22,976.6719970703124,red,LR,AALI
2002-10-23,976.6719970703124,red,LR,AALI
2002-10-24,976.6719970703124,red,LR,AALI
2002-10-25,976.6719970703124,red,LR,AALI
2002-10-28,1000.489990234375,red,LR,AALI
2002-10-29,1000.489990234375,red,LR,AALI
2002-10-30,1095.780029296875,red,LR,AALI
2002-10-31,1167.239990234375,red,LR,AALI
2002-11-01,1214.8900146484375,red,LR,AALI
2002-11-04,1262.530029296875,red,LR,AALI
2002-11-05,1191.06005859375,red,LR,AALI
2002-11-06,1214.8900146484375,red,LR,AALI
2002-11-07,1167.239990234375,red,LR,AALI
2002-11-08,1167.239990234375,red,LR,AALI
2002-11-11,1119.5999755859377,red,LR,AALI
2002-11-12,1191.06005859375,red,LR,AALI
2002-11-13,1262.530029296875,red,LR,AALI
2002-11-14,1262.530029296875,red,LR,AALI
2002-11-15,1262.530029296875,red,LR,AALI
2002-11-18,1167.239990234375,red,LR,AALI
2002-11-19,1191.06005859375,red,LR,AALI
2002-11-20,1214.8900146484375,red,LR,AALI
2002-11-21,1191.06005859375,red,LR,AALI
2002-11-22,1214.8900146484375,red,LR,AALI
2002-11-25,1214.8900146484375,red,LR,AALI
2002-11-26,1214.8900146484375,red,LR,AALI
2002-11-27,1214.8900146484375,red,LR,AALI
2002-11-28,1214.8900146484375,red,LR,AALI
2002-11-29,1191.06005859375,red,LR,AALI
2002-12-03,1262.530029296875,red,LR,AALI
2002-12-04,1310.1700439453125,red,LR,AALI
2002-12-11,1381.6300048828125,red,LR,AALI
2002-12-12,1357.81005859375,red,LR,AALI
2002-12-13,1333.989990234375,red,LR,AALI
2002-12-16,1262.530029296875,red,LR,AALI
2002-12-17,1286.3499755859375,red,LR,AALI
2002-12-18,1357.81005859375,red,LR,AALI
2002-12-19,1572.199951171875,red,LR,AALI
2002-12-20,1596.030029296875,red,LR,AALI
2002-12-23,1548.3800048828125,red,LR,AALI
2002-12-27,1476.9200439453125,red,LR,AALI
2003-01-02,1476.9200439453125,red,LR,AALI
2003-01-03,1524.56005859375,red,LR,AALI
2003-01-06,1500.739990234375,red,LR,AALI
2003-01-07,1548.3800048828125,red,LR,AALI
2003-01-08,1548.3800048828125,red,LR,AALI
2003-01-09,1619.8499755859375,red,LR,AALI
2003-01-10,1572.199951171875,red,LR,AALI
2003-01-13,1619.8499755859375,red,LR,AALI
2003-01-14,1691.31005859375,red,LR,AALI
2003-01-15,1715.1300048828125,red,LR,AALI
2003-01-16,1715.1300048828125,red,LR,AALI
2003-01-17,1691.31005859375,red,LR,AALI
2003-01-20,1667.489990234375,red,LR,AALI
2003-01-21,1667.489990234375,red,LR,AALI
2003-01-22,1667.489990234375,red,LR,AALI
2003-01-23,1691.31005859375,red,LR,AALI
2003-01-24,1667.489990234375,red,LR,AALI
2003-01-27,1643.6700439453125,red,LR,AALI
2003-01-28,1643.6700439453125,red,LR,AALI
2003-01-29,1619.8499755859375,red,LR,AALI
2003-01-30,1691.31005859375,red,LR,AALI
2003-01-31,1643.6700439453125,red,LR,AALI
2003-02-03,1667.489990234375,red,LR,AALI
2003-02-04,1643.6700439453125,red,LR,AALI
2003-02-05,1667.489990234375,red,LR,AALI
2003-02-06,1643.6700439453125,red,LR,AALI
2003-02-07,1667.489990234375,red,LR,AALI
2003-02-10,1643.6700439453125,red,LR,AALI
2003-02-11,1643.6700439453125,red,LR,AALI
2003-02-13,1643.6700439453125,red,LR,AALI
2003-02-14,1619.8499755859375,red,LR,AALI
2003-02-17,1619.8499755859375,red,LR,AALI
2003-02-18,1596.030029296875,red,LR,AALI
2003-02-19,1524.56005859375,red,LR,AALI
2003-02-20,1429.280029296875,red,LR,AALI
2003-02-21,1429.280029296875,red,LR,AALI
2003-02-24,1429.280029296875,red,LR,AALI
2003-02-25,1429.280029296875,red,LR,AALI
2003-02-26,1405.4599609375,red,LR,AALI
2003-02-27,1357.81005859375,red,LR,AALI
2003-02-28,1310.1700439453125,red,LR,AALI
2003-03-04,1286.3499755859375,red,LR,AALI
2003-03-05,1262.530029296875,red,LR,AALI
2003-03-06,1310.1700439453125,red,LR,AALI
2003-03-07,1262.530029296875,red,LR,AALI
2003-03-10,1191.06005859375,red,LR,AALI
2003-03-11,1095.780029296875,red,LR,AALI
2003-03-12,1167.239990234375,red,LR,AALI
2003-03-13,1167.239990234375,red,LR,AALI
2003-03-14,1238.7099609375,red,LR,AALI
2003-03-17,1167.239990234375,red,LR,AALI
2003-03-18,1191.06005859375,red,LR,AALI
2003-03-19,1214.8900146484375,red,LR,AALI
2003-03-20,1262.530029296875,red,LR,AALI
2003-03-21,1262.530029296875,red,LR,AALI
2003-03-24,1262.530029296875,red,LR,AALI
2003-03-25,1262.530029296875,red,LR,AALI
2003-03-26,1262.530029296875,red,LR,AALI
2003-03-27,1262.530029296875,red,LR,AALI
2003-03-28,1262.530029296875,red,LR,AALI
2003-03-31,1238.7099609375,red,LR,AALI
2003-04-01,1238.7099609375,red,LR,AALI
2003-04-03,1262.530029296875,red,LR,AALI
2003-04-04,1286.3499755859375,red,LR,AALI
2003-04-07,1357.81005859375,red,LR,AALI
2003-04-08,1333.989990234375,red,LR,AALI
2003-04-09,1333.989990234375,red,LR,AALI
2003-04-10,1333.989990234375,red,LR,AALI
2003-04-11,1333.989990234375,red,LR,AALI
2003-04-14,1333.989990234375,red,LR,AALI
2003-04-15,1310.1700439453125,red,LR,AALI
2003-04-16,1381.6300048828125,red,LR,AALI
2003-04-17,1357.81005859375,red,LR,AALI
2003-04-21,1357.81005859375,red,LR,AALI
2003-04-22,1381.6300048828125,red,LR,AALI
2003-04-23,1476.9200439453125,red,LR,AALI
2003-04-24,1429.280029296875,red,LR,AALI
2003-04-25,1405.4599609375,red,LR,AALI
2003-04-28,1405.4599609375,red,LR,AALI
2003-04-29,1453.0999755859375,red,LR,AALI
2003-04-30,1453.0999755859375,red,LR,AALI
2003-05-01,1453.0999755859375,red,LR,AALI
2003-05-02,1500.739990234375,red,LR,AALI
2003-05-05,1524.56005859375,red,LR,AALI
2003-05-06,1524.56005859375,red,LR,AALI
2003-05-07,1548.3800048828125,red,LR,AALI
2003-05-08,1500.739990234375,red,LR,AALI
2003-05-09,1500.739990234375,red,LR,AALI
2003-05-12,1500.739990234375,red,LR,AALI
2003-05-13,1500.739990234375,red,LR,AALI
2003-05-14,1476.9200439453125,red,LR,AALI
2003-05-19,1405.4599609375,red,LR,AALI
2003-05-20,1429.280029296875,red,LR,AALI
2003-05-21,1453.0999755859375,red,LR,AALI
2003-05-22,1453.0999755859375,red,LR,AALI
2003-05-23,1476.9200439453125,red,LR,AALI
2003-05-26,1476.9200439453125,red,LR,AALI
2003-05-27,1476.9200439453125,red,LR,AALI
2003-05-28,1500.739990234375,red,LR,AALI
2003-05-29,1524.56005859375,red,LR,AALI
2003-06-02,1572.199951171875,red,LR,AALI
2003-06-03,1548.3800048828125,red,LR,AALI
2003-06-04,1548.3800048828125,red,LR,AALI
2003-06-05,1548.3800048828125,red,LR,AALI
2003-06-06,1500.739990234375,red,LR,AALI
2003-06-09,1524.56005859375,red,LR,AALI
2003-06-10,1524.56005859375,red,LR,AALI
2003-06-11,1500.739990234375,red,LR,AALI
2003-06-12,1476.9200439453125,red,LR,AALI
2003-06-13,1453.0999755859375,red,LR,AALI
2003-06-16,1429.280029296875,red,LR,AALI
2003-06-17,1381.6300048828125,red,LR,AALI
2003-06-18,1310.1700439453125,red,LR,AALI
2003-06-19,1357.81005859375,red,LR,AALI
2003-06-20,1405.4599609375,red,LR,AALI
2003-06-23,1381.6300048828125,red,LR,AALI
2003-06-24,1357.81005859375,red,LR,AALI
2003-06-25,1357.81005859375,red,LR,AALI
2003-06-26,1333.989990234375,red,LR,AALI
2003-06-27,1310.1700439453125,red,LR,AALI
2003-06-30,1333.989990234375,red,LR,AALI
2003-07-01,1286.3499755859375,red,LR,AALI
2003-07-02,1310.1700439453125,red,LR,AALI
2003-07-03,1310.1700439453125,red,LR,AALI
2003-07-04,1333.989990234375,red,LR,AALI
2003-07-07,1333.989990234375,red,LR,AALI
2003-07-08,1357.81005859375,red,LR,AALI
2003-07-09,1333.989990234375,red,LR,AALI
2003-07-10,1310.1700439453125,red,LR,AALI
2003-07-11,1310.1700439453125,red,LR,AALI
2003-07-14,1333.989990234375,red,LR,AALI
2003-07-15,1333.989990234375,red,LR,AALI
2003-07-16,1286.3499755859375,red,LR,AALI
2003-07-17,1310.1700439453125,red,LR,AALI
2003-07-18,1310.1700439453125,red,LR,AALI
2003-07-21,1310.1700439453125,red,LR,AALI
2003-07-22,1286.3499755859375,red,LR,AALI
2003-07-23,1286.3499755859375,red,LR,AALI
2003-07-24,1286.3499755859375,red,LR,AALI
2003-07-25,1262.530029296875,red,LR,AALI
2003-07-28,1286.3499755859375,red,LR,AALI
2003-07-29,1310.1700439453125,red,LR,AALI
2003-07-30,1310.1700439453125,red,LR,AALI
2003-07-31,1310.1700439453125,red,LR,AALI
2003-08-01,1286.3499755859375,red,LR,AALI
2003-08-04,1286.3499755859375,red,LR,AALI
2003-08-05,1262.530029296875,red,LR,AALI
2003-08-06,1286.3499755859375,red,LR,AALI
2003-08-07,1310.1700439453125,red,LR,AALI
2003-08-08,1333.989990234375,red,LR,AALI
2003-08-11,1333.989990234375,red,LR,AALI
2003-08-12,1333.989990234375,red,LR,AALI
2003-08-13,1333.989990234375,red,LR,AALI
2003-08-14,1333.989990234375,red,LR,AALI
2003-08-15,1381.6300048828125,red,LR,AALI
2003-08-19,1381.6300048828125,red,LR,AALI
2003-08-20,1381.6300048828125,red,LR,AALI
2003-08-21,1357.81005859375,red,LR,AALI
2003-08-22,1405.4599609375,red,LR,AALI
2003-08-25,1381.6300048828125,red,LR,AALI
2003-08-26,1405.4599609375,red,LR,AALI
2003-08-27,1405.4599609375,red,LR,AALI
2003-08-28,1405.4599609375,red,LR,AALI
2003-08-29,1381.6300048828125,red,LR,AALI
2003-09-01,1381.6300048828125,red,LR,AALI
2003-09-02,1429.280029296875,red,LR,AALI
2003-09-03,1453.0999755859375,red,LR,AALI
2003-09-04,1500.739990234375,red,LR,AALI
2003-09-05,1500.739990234375,red,LR,AALI
2003-09-08,1548.3800048828125,red,LR,AALI
2003-09-09,1596.030029296875,red,LR,AALI
2003-09-10,1548.3800048828125,red,LR,AALI
2003-09-11,1548.3800048828125,red,LR,AALI
2003-09-12,1596.030029296875,red,LR,AALI
2003-09-15,1572.199951171875,red,LR,AALI
2003-09-16,1548.3800048828125,red,LR,AALI
2003-09-17,1572.199951171875,red,LR,AALI
2003-09-18,1548.3800048828125,red,LR,AALI
2003-09-19,1548.3800048828125,red,LR,AALI
2003-09-23,1500.739990234375,red,LR,AALI
2003-09-24,1548.3800048828125,red,LR,AALI
2003-09-25,1524.56005859375,red,LR,AALI
2003-09-26,1548.3800048828125,red,LR,AALI
2003-09-29,1524.56005859375,red,LR,AALI
2003-09-30,1500.739990234375,red,LR,AALI
2003-10-01,1548.3800048828125,red,LR,AALI
2003-10-02,1548.3800048828125,red,LR,AALI
2003-10-03,1572.199951171875,red,LR,AALI
2003-10-06,1572.199951171875,red,LR,AALI
2003-10-07,1572.199951171875,red,LR,AALI
2003-10-08,1548.3800048828125,red,LR,AALI
2003-10-09,1572.199951171875,red,LR,AALI
2003-10-10,1572.199951171875,red,LR,AALI
2003-10-13,1572.199951171875,red,LR,AALI
2003-10-14,1619.8499755859375,red,LR,AALI
2003-10-15,1786.5999755859375,red,LR,AALI
2003-10-16,1738.949951171875,red,LR,AALI
2003-10-17,1738.949951171875,red,LR,AALI
2003-10-20,1691.31005859375,red,LR,AALI
2003-10-21,1667.489990234375,red,LR,AALI
2003-10-22,1667.489990234375,red,LR,AALI
2003-10-23,1619.8499755859375,red,LR,AALI
2003-10-24,1643.6700439453125,red,LR,AALI
2003-10-27,1643.6700439453125,red,LR,AALI
2003-10-28,1619.8499755859375,red,LR,AALI
2003-10-29,1643.6700439453125,red,LR,AALI
2003-10-30,1619.8499755859375,red,LR,AALI
2003-10-31,1643.6700439453125,red,LR,AALI
2003-11-03,1619.8499755859375,red,LR,AALI
2003-11-04,1619.8499755859375,red,LR,AALI
2003-11-05,1643.6700439453125,red,LR,AALI
2003-11-06,1596.030029296875,red,LR,AALI
2003-11-07,1548.3800048828125,red,LR,AALI
2003-11-10,1500.739990234375,red,LR,AALI
2003-11-11,1548.3800048828125,red,LR,AALI
2003-11-12,1500.739990234375,red,LR,AALI
2003-11-13,1500.739990234375,red,LR,AALI
2003-11-14,1500.739990234375,red,LR,AALI
2003-11-17,1476.9200439453125,red,LR,AALI
2003-11-18,1453.0999755859375,red,LR,AALI
2003-11-19,1429.280029296875,red,LR,AALI
2003-11-20,1453.0999755859375,red,LR,AALI
2003-11-21,1500.739990234375,red,LR,AALI
2003-12-01,1572.199951171875,red,LR,AALI
2003-12-02,1548.3800048828125,red,LR,AALI
2003-12-03,1619.8499755859375,red,LR,AALI
2003-12-04,1619.8499755859375,red,LR,AALI
2003-12-05,1596.030029296875,red,LR,AALI
2003-12-08,1596.030029296875,red,LR,AALI
2003-12-09,1619.8499755859375,red,LR,AALI
2003-12-10,1596.030029296875,red,LR,AALI
2003-12-11,1596.030029296875,red,LR,AALI
2003-12-12,1596.030029296875,red,LR,AALI
2003-12-15,1596.030029296875,red,LR,AALI
2003-12-16,1619.8499755859375,red,LR,AALI
2003-12-17,1596.030029296875,red,LR,AALI
2003-12-18,1596.030029296875,red,LR,AALI
2003-12-19,1619.8499755859375,red,LR,AALI
2003-12-22,1619.8499755859375,red,LR,AALI
2003-12-23,1596.030029296875,red,LR,AALI
2003-12-29,1667.489990234375,red,LR,AALI
2003-12-30,1643.6700439453125,red,LR,AALI
2004-01-02,1691.31005859375,red,LR,AALI
2004-01-05,1715.1300048828125,red,LR,AALI
2004-01-06,1738.949951171875,red,LR,AALI
2004-01-07,1715.1300048828125,red,LR,AALI
2004-01-08,1762.77001953125,red,LR,AALI
2004-01-09,1786.5999755859375,red,LR,AALI
2004-01-12,1738.949951171875,red,LR,AALI
2004-01-13,1762.77001953125,red,LR,AALI
2004-01-14,1738.949951171875,red,LR,AALI
2004-01-15,1691.31005859375,red,LR,AALI
2004-01-16,1715.1300048828125,red,LR,AALI
2004-01-19,1691.31005859375,red,LR,AALI
2004-01-20,1691.31005859375,red,LR,AALI
2004-01-21,1667.489990234375,red,LR,AALI
2004-01-22,1667.489990234375,red,LR,AALI
2004-01-23,1691.31005859375,red,LR,AALI
2004-01-26,1691.31005859375,red,LR,AALI
2004-01-27,1596.030029296875,red,LR,AALI
2004-01-28,1596.030029296875,red,LR,AALI
2004-01-29,1572.199951171875,red,LR,AALI
2004-01-30,1572.199951171875,red,LR,AALI
2004-02-02,1572.199951171875,red,LR,AALI
2004-02-03,1524.56005859375,red,LR,AALI
2004-02-04,1500.739990234375,red,LR,AALI
2004-02-05,1524.56005859375,red,LR,AALI
2004-02-06,1572.199951171875,red,LR,AALI
2004-02-09,1596.030029296875,red,LR,AALI
2004-02-10,1596.030029296875,red,LR,AALI
2004-02-11,1667.489990234375,red,LR,AALI
2004-02-12,1667.489990234375,red,LR,AALI
2004-02-13,1715.1300048828125,red,LR,AALI
2004-02-16,1762.77001953125,red,LR,AALI
2004-02-17,1810.4200439453125,red,LR,AALI
2004-02-18,1786.5999755859375,red,LR,AALI
2004-02-19,1786.5999755859375,red,LR,AALI
2004-02-20,1810.4200439453125,red,LR,AALI
2004-02-23,1810.4200439453125,red,LR,AALI
2004-02-24,1786.5999755859375,red,LR,AALI
2004-02-25,1881.8800048828125,red,LR,AALI
2004-02-26,1905.699951171875,red,LR,AALI
2004-02-27,1905.699951171875,red,LR,AALI
2004-03-01,1905.699951171875,red,LR,AALI
2004-03-02,1929.52001953125,red,LR,AALI
2004-03-03,1881.8800048828125,red,LR,AALI
2004-03-04,1881.8800048828125,red,LR,AALI
2004-03-05,1905.699951171875,red,LR,AALI
2004-03-08,1905.699951171875,red,LR,AALI
2004-03-09,1905.699951171875,red,LR,AALI
2004-03-10,1858.06005859375,red,LR,AALI
2004-03-11,1738.949951171875,red,LR,AALI
2004-03-12,1786.5999755859375,red,LR,AALI
2004-03-15,1762.77001953125,red,LR,AALI
2004-03-16,1786.5999755859375,red,LR,AALI
2004-03-17,1858.06005859375,red,LR,AALI
2004-03-18,1834.239990234375,red,LR,AALI
2004-03-19,1834.239990234375,red,LR,AALI
2004-03-22,1834.239990234375,red,LR,AALI
2004-03-23,1834.239990234375,red,LR,AALI
2004-03-24,1858.06005859375,red,LR,AALI
2004-03-25,1834.239990234375,red,LR,AALI
2004-03-26,1810.4200439453125,red,LR,AALI
2004-03-29,1810.4200439453125,red,LR,AALI
2004-03-30,1810.4200439453125,red,LR,AALI
2004-03-31,1858.06005859375,red,LR,AALI
2004-04-01,1881.8800048828125,red,LR,AALI
2004-04-02,1881.8800048828125,red,LR,AALI
2004-04-05,1881.8800048828125,red,LR,AALI
2004-04-06,1881.8800048828125,red,LR,AALI
2004-04-07,1858.06005859375,red,LR,AALI
2004-04-08,2024.81005859375,red,LR,AALI
2004-04-09,2024.81005859375,red,LR,AALI
2004-04-12,1953.3399658203125,red,LR,AALI
2004-04-13,2048.6298828125,red,LR,AALI
2004-04-14,2429.77001953125,red,LR,AALI
2004-04-15,2310.659912109375,red,LR,AALI
2004-04-16,2167.739990234375,red,LR,AALI
2004-04-19,2191.56005859375,red,LR,AALI
2004-04-20,2191.56005859375,red,LR,AALI
2004-04-21,2263.02001953125,red,LR,AALI
2004-04-22,2358.31005859375,red,LR,AALI
2004-04-23,2334.489990234375,red,LR,AALI
2004-04-26,2334.489990234375,red,LR,AALI
2004-04-27,2263.02001953125,red,LR,AALI
2004-04-28,2358.31005859375,red,LR,AALI
2004-04-29,2215.3798828125,red,LR,AALI
2004-04-30,2191.56005859375,red,LR,AALI
2004-05-03,2191.56005859375,red,LR,AALI
2004-05-04,2191.56005859375,red,LR,AALI
2004-05-05,2143.909912109375,red,LR,AALI
2004-05-06,2096.27001953125,red,LR,AALI
2004-05-07,2048.6298828125,red,LR,AALI
2004-05-10,1905.699951171875,red,LR,AALI
2004-05-11,2024.81005859375,red,LR,AALI
2004-05-12,2120.090087890625,red,LR,AALI
2004-05-13,2096.27001953125,red,LR,AALI
2004-05-14,2072.449951171875,red,LR,AALI
2004-05-17,2000.989990234375,red,LR,AALI
2004-05-18,2024.81005859375,red,LR,AALI
2004-05-19,2120.090087890625,red,LR,AALI
2004-05-20,2120.090087890625,red,LR,AALI
2004-05-21,2120.090087890625,red,LR,AALI
2004-05-24,2167.739990234375,red,LR,AALI
2004-05-25,2334.489990234375,red,LR,AALI
2004-05-26,2334.489990234375,red,LR,AALI
2004-05-27,2358.31005859375,red,LR,AALI
2004-05-28,2382.1298828125,red,LR,AALI
2004-05-31,2382.1298828125,red,LR,AALI
2004-06-01,2382.1298828125,red,LR,AALI
2004-06-02,2382.1298828125,red,LR,AALI
2004-06-03,2382.1298828125,red,LR,AALI
2004-06-04,2286.840087890625,red,LR,AALI
2004-06-07,2239.199951171875,red,LR,AALI
2004-06-08,2239.199951171875,red,LR,AALI
2004-06-09,2167.739990234375,red,LR,AALI
2004-06-10,2143.909912109375,red,LR,AALI
2004-06-11,2120.090087890625,red,LR,AALI
2004-06-14,2024.81005859375,red,LR,AALI
2004-06-15,2096.27001953125,red,LR,AALI
2004-06-16,2120.090087890625,red,LR,AALI
2004-06-17,2072.449951171875,red,LR,AALI
2004-06-18,2048.6298828125,red,LR,AALI
2004-06-21,2000.989990234375,red,LR,AALI
2004-06-22,2024.81005859375,red,LR,AALI
2004-06-23,2024.81005859375,red,LR,AALI
2004-06-24,2024.81005859375,red,LR,AALI
2004-06-25,2024.81005859375,red,LR,AALI
2004-06-28,2048.6298828125,red,LR,AALI
2004-06-29,2048.6298828125,red,LR,AALI
2004-06-30,2143.909912109375,red,LR,AALI
2004-07-01,2120.090087890625,red,LR,AALI
2004-07-02,2143.909912109375,red,LR,AALI
2004-07-05,2143.909912109375,red,LR,AALI
2004-07-06,2096.27001953125,red,LR,AALI
2004-07-07,2096.27001953125,red,LR,AALI
2004-07-08,2167.739990234375,red,LR,AALI
2004-07-09,2191.56005859375,red,LR,AALI
2004-07-12,2143.909912109375,red,LR,AALI
2004-07-13,2120.090087890625,red,LR,AALI
2004-07-14,2072.449951171875,red,LR,AALI
2004-07-15,2096.27001953125,red,LR,AALI
2004-07-16,2120.090087890625,red,LR,AALI
2004-07-19,2096.27001953125,red,LR,AALI
2004-07-20,2096.27001953125,red,LR,AALI
2004-07-21,2072.449951171875,red,LR,AALI
2004-07-22,2096.27001953125,red,LR,AALI
2004-07-23,2096.27001953125,red,LR,AALI
2004-07-26,2096.27001953125,red,LR,AALI
2004-07-27,2072.449951171875,red,LR,AALI
2004-07-28,2143.909912109375,red,LR,AALI
2004-07-29,2096.27001953125,red,LR,AALI
2004-07-30,2120.090087890625,red,LR,AALI
2004-08-02,2072.449951171875,red,LR,AALI
2004-08-03,2072.449951171875,red,LR,AALI
2004-08-04,2096.27001953125,red,LR,AALI
2004-08-05,2120.090087890625,red,LR,AALI
2004-08-06,2072.449951171875,red,LR,AALI
2004-08-09,2072.449951171875,red,LR,AALI
2004-08-10,2096.27001953125,red,LR,AALI
2004-08-11,2143.909912109375,red,LR,AALI
2004-08-12,2143.909912109375,red,LR,AALI
2004-08-13,2167.739990234375,red,LR,AALI
2004-08-16,2143.909912109375,red,LR,AALI
2004-08-17,2143.909912109375,red,LR,AALI
2004-08-18,2167.739990234375,red,LR,AALI
2004-08-19,2143.909912109375,red,LR,AALI
2004-08-20,2167.739990234375,red,LR,AALI
2004-08-23,2143.909912109375,red,LR,AALI
2004-08-24,2167.739990234375,red,LR,AALI
2004-08-25,2167.739990234375,red,LR,AALI
2004-08-26,2167.739990234375,red,LR,AALI
2004-08-27,2143.909912109375,red,LR,AALI
2004-08-30,2263.02001953125,red,LR,AALI
2004-08-31,2405.949951171875,red,LR,AALI
2004-09-01,2405.949951171875,red,LR,AALI
2004-09-02,2405.949951171875,red,LR,AALI
2004-09-03,2382.1298828125,red,LR,AALI
2004-09-06,2358.31005859375,red,LR,AALI
2004-09-07,2382.1298828125,red,LR,AALI
2004-09-08,2382.1298828125,red,LR,AALI
2004-09-09,2358.31005859375,red,LR,AALI
2004-09-10,2405.949951171875,red,LR,AALI
2004-09-13,2405.949951171875,red,LR,AALI
2004-09-14,2429.77001953125,red,LR,AALI
2004-09-15,2501.22998046875,red,LR,AALI
2004-09-16,2525.06005859375,red,LR,AALI
2004-09-17,2525.06005859375,red,LR,AALI
2004-09-20,2525.06005859375,red,LR,AALI
2004-09-21,2525.06005859375,red,LR,AALI
2004-09-22,2501.22998046875,red,LR,AALI
2004-09-23,2477.409912109375,red,LR,AALI
2004-09-24,2477.409912109375,red,LR,AALI
2004-09-27,2477.409912109375,red,LR,AALI
2004-09-28,2429.77001953125,red,LR,AALI
2004-09-29,2453.590087890625,red,LR,AALI
2004-09-30,2453.590087890625,red,LR,AALI
2004-10-01,2525.06005859375,red,LR,AALI
2004-10-04,2572.699951171875,red,LR,AALI
2004-10-05,2620.340087890625,red,LR,AALI
2004-10-06,2572.699951171875,red,LR,AALI
2004-10-07,2596.52001953125,red,LR,AALI
2004-10-08,2596.52001953125,red,LR,AALI
2004-10-11,2572.699951171875,red,LR,AALI
2004-10-12,2572.699951171875,red,LR,AALI
2004-10-13,2572.699951171875,red,LR,AALI
2004-10-14,2572.699951171875,red,LR,AALI
2004-10-15,2572.699951171875,red,LR,AALI
2004-10-18,2572.699951171875,red,LR,AALI
2004-10-19,2596.52001953125,red,LR,AALI
2004-10-20,2572.699951171875,red,LR,AALI
2004-10-21,2596.52001953125,red,LR,AALI
2004-10-22,2691.800048828125,red,LR,AALI
2004-10-25,2667.97998046875,red,LR,AALI
2004-10-26,2667.97998046875,red,LR,AALI
2004-10-27,2763.27001953125,red,LR,AALI
2004-10-28,2787.090087890625,red,LR,AALI
2004-10-29,2787.090087890625,red,LR,AALI
2004-11-01,2739.449951171875,red,LR,AALI
2004-11-02,2739.449951171875,red,LR,AALI
2004-11-03,2787.090087890625,red,LR,AALI
2004-11-04,2787.090087890625,red,LR,AALI
2004-11-05,2787.090087890625,red,LR,AALI
2004-11-08,2763.27001953125,red,LR,AALI
2004-11-09,2787.090087890625,red,LR,AALI
2004-11-10,2930.02001953125,red,LR,AALI
2004-11-11,2906.199951171875,red,LR,AALI
2004-11-12,2906.199951171875,red,LR,AALI
2004-11-15,2906.199951171875,red,LR,AALI
2004-11-16,2906.199951171875,red,LR,AALI
2004-11-17,2906.199951171875,red,LR,AALI
2004-11-18,2906.199951171875,red,LR,AALI
2004-11-19,2906.199951171875,red,LR,AALI
2004-11-22,2906.199951171875,red,LR,AALI
2004-11-23,2906.199951171875,red,LR,AALI
2004-11-24,2906.199951171875,red,LR,AALI
2004-11-25,2882.3701171875,red,LR,AALI
2004-11-26,2953.840087890625,red,LR,AALI
2004-11-29,3001.47998046875,red,LR,AALI
2004-11-30,3144.409912109375,red,LR,AALI
2004-12-01,3144.409912109375,red,LR,AALI
2004-12-02,3120.590087890625,red,LR,AALI
2004-12-03,3096.77001953125,red,LR,AALI
2004-12-06,3120.590087890625,red,LR,AALI
2004-12-07,3049.1201171875,red,LR,AALI
2004-12-08,3001.47998046875,red,LR,AALI
2004-12-09,2930.02001953125,red,LR,AALI
2004-12-10,2882.3701171875,red,LR,AALI
2004-12-13,2858.550048828125,red,LR,AALI
2004-12-14,2834.72998046875,red,LR,AALI
2004-12-15,2906.199951171875,red,LR,AALI
2004-12-16,2953.840087890625,red,LR,AALI
2004-12-17,3001.47998046875,red,LR,AALI
2004-12-20,3120.590087890625,red,LR,AALI
2004-12-21,3096.77001953125,red,LR,AALI
2004-12-22,2977.659912109375,red,LR,AALI
2004-12-23,3025.300048828125,red,LR,AALI
2004-12-24,3025.300048828125,red,LR,AALI
2004-12-27,3001.47998046875,red,LR,AALI
2004-12-28,2977.659912109375,red,LR,AALI
2004-12-29,2930.02001953125,red,LR,AALI
2004-12-30,2953.840087890625,red,LR,AALI
2004-12-31,2953.840087890625,red,LR,AALI
2005-01-03,2930.02001953125,red,LR,AALI
2005-01-04,3025.300048828125,red,LR,AALI
2005-01-05,2977.659912109375,red,LR,AALI
2005-01-06,3001.47998046875,red,LR,AALI
2005-01-07,2977.659912109375,red,LR,AALI
2005-01-10,2953.840087890625,red,LR,AALI
2005-01-11,2930.02001953125,red,LR,AALI
2005-01-12,2930.02001953125,red,LR,AALI
2005-01-13,2882.3701171875,red,LR,AALI
2005-01-14,2906.199951171875,red,LR,AALI
2005-01-17,2882.3701171875,red,LR,AALI
2005-01-18,2858.550048828125,red,LR,AALI
2005-01-19,2930.02001953125,red,LR,AALI
2005-01-20,2882.3701171875,red,LR,AALI
2005-01-24,2882.3701171875,red,LR,AALI
2005-01-25,2858.550048828125,red,LR,AALI
2005-01-26,2906.199951171875,red,LR,AALI
2005-01-27,2858.550048828125,red,LR,AALI
2005-01-28,2858.550048828125,red,LR,AALI
2005-01-31,2858.550048828125,red,LR,AALI
2005-02-01,2810.909912109375,red,LR,AALI
2005-02-02,2834.72998046875,red,LR,AALI
2005-02-03,2810.909912109375,red,LR,AALI
2005-02-04,2810.909912109375,red,LR,AALI
2005-02-07,2739.449951171875,red,LR,AALI
2005-02-08,2739.449951171875,red,LR,AALI
2005-02-11,2858.550048828125,red,LR,AALI
2005-02-14,2858.550048828125,red,LR,AALI
2005-02-15,2882.3701171875,red,LR,AALI
2005-02-16,2906.199951171875,red,LR,AALI
2005-02-17,2834.72998046875,red,LR,AALI
2005-02-18,2834.72998046875,red,LR,AALI
2005-02-21,2977.659912109375,red,LR,AALI
2005-02-22,2977.659912109375,red,LR,AALI
2005-02-23,2953.840087890625,red,LR,AALI
2005-02-24,3001.47998046875,red,LR,AALI
2005-02-25,2953.840087890625,red,LR,AALI
2005-02-28,2953.840087890625,red,LR,AALI
2005-03-01,2977.659912109375,red,LR,AALI
2005-03-02,2953.840087890625,red,LR,AALI
2005-03-03,2953.840087890625,red,LR,AALI
2005-03-04,2953.840087890625,red,LR,AALI
2005-03-07,3049.1201171875,red,LR,AALI
2005-03-08,3334.97998046875,red,LR,AALI
2005-03-09,3430.260009765625,red,LR,AALI
2005-03-10,3406.43994140625,red,LR,AALI
2005-03-14,3501.72998046875,red,LR,AALI
2005-03-15,3787.580078125,red,LR,AALI
2005-03-16,4001.969970703125,red,LR,AALI
2005-03-17,3978.14990234375,red,LR,AALI
2005-03-18,4001.969970703125,red,LR,AALI
2005-03-21,3811.39990234375,red,LR,AALI
2005-03-22,3763.760009765625,red,LR,AALI
2005-03-23,3644.659912109375,red,LR,AALI
2005-03-24,3501.72998046875,red,LR,AALI
2005-03-28,3597.010009765625,red,LR,AALI
2005-03-29,3525.550048828125,red,LR,AALI
2005-03-30,3525.550048828125,red,LR,AALI
2005-03-31,3811.39990234375,red,LR,AALI
2005-04-01,3739.93994140625,red,LR,AALI
2005-04-04,3716.1201171875,red,LR,AALI
2005-04-05,3644.659912109375,red,LR,AALI
2005-04-06,3787.580078125,red,LR,AALI
2005-04-07,3811.39990234375,red,LR,AALI
2005-04-08,3787.580078125,red,LR,AALI
2005-04-11,3787.580078125,red,LR,AALI
2005-04-12,3906.68994140625,red,LR,AALI
2005-04-13,3906.68994140625,red,LR,AALI
2005-04-14,3954.330078125,red,LR,AALI
2005-04-15,3859.050048828125,red,LR,AALI
2005-04-18,3787.580078125,red,LR,AALI
2005-04-19,3739.93994140625,red,LR,AALI
2005-04-20,3763.760009765625,red,LR,AALI
2005-04-21,3668.47998046875,red,LR,AALI
2005-04-25,3668.47998046875,red,LR,AALI
2005-04-26,3597.010009765625,red,LR,AALI
2005-04-27,3454.080078125,red,LR,AALI
2005-04-28,3430.260009765625,red,LR,AALI
2005-04-29,3430.260009765625,red,LR,AALI
2005-05-02,3382.6201171875,red,LR,AALI
2005-05-03,3239.68994140625,red,LR,AALI
2005-05-04,3382.6201171875,red,LR,AALI
2005-05-06,3382.6201171875,red,LR,AALI
2005-05-09,3477.909912109375,red,LR,AALI
2005-05-10,3430.260009765625,red,LR,AALI
2005-05-11,3334.97998046875,red,LR,AALI
2005-05-12,3311.159912109375,red,LR,AALI
2005-05-13,3334.97998046875,red,LR,AALI
2005-05-16,3358.800048828125,red,LR,AALI
2005-05-17,3382.6201171875,red,LR,AALI
2005-05-18,3334.97998046875,red,LR,AALI
2005-05-19,3334.97998046875,red,LR,AALI
2005-05-20,3334.97998046875,red,LR,AALI
2005-05-23,3334.97998046875,red,LR,AALI
2005-05-25,3382.6201171875,red,LR,AALI
2005-05-26,3454.080078125,red,LR,AALI
2005-05-27,3454.080078125,red,LR,AALI
2005-05-30,3406.43994140625,red,LR,AALI
2005-05-31,3477.909912109375,red,LR,AALI
2005-06-01,3430.260009765625,red,LR,AALI
2005-06-02,3477.909912109375,red,LR,AALI
2005-06-03,3477.909912109375,red,LR,AALI
2005-06-06,3406.43994140625,red,LR,AALI
2005-06-07,3334.97998046875,red,LR,AALI
2005-06-08,3311.159912109375,red,LR,AALI
2005-06-09,3311.159912109375,red,LR,AALI
2005-06-10,3334.97998046875,red,LR,AALI
2005-06-13,3454.080078125,red,LR,AALI
2005-06-14,3477.909912109375,red,LR,AALI
2005-06-15,3549.3701171875,red,LR,AALI
2005-06-16,3525.550048828125,red,LR,AALI
2005-06-17,3549.3701171875,red,LR,AALI
2005-06-20,3597.010009765625,red,LR,AALI
2005-06-21,3716.1201171875,red,LR,AALI
2005-06-22,3811.39990234375,red,LR,AALI
2005-06-23,3739.93994140625,red,LR,AALI
2005-06-24,3763.760009765625,red,LR,AALI
2005-06-27,3716.1201171875,red,LR,AALI
2005-06-28,3739.93994140625,red,LR,AALI
2005-06-29,3787.580078125,red,LR,AALI
2005-06-30,3787.580078125,red,LR,AALI
2005-07-01,3739.93994140625,red,LR,AALI
2005-07-04,3668.47998046875,red,LR,AALI
2005-07-05,3644.659912109375,red,LR,AALI
2005-07-06,3692.300048828125,red,LR,AALI
2005-07-07,3739.93994140625,red,LR,AALI
2005-07-08,3859.050048828125,red,LR,AALI
2005-07-11,3859.050048828125,red,LR,AALI
2005-07-12,3835.22998046875,red,LR,AALI
2005-07-13,3811.39990234375,red,LR,AALI
2005-07-14,3763.760009765625,red,LR,AALI
2005-07-15,3763.760009765625,red,LR,AALI
2005-07-18,3763.760009765625,red,LR,AALI
2005-07-19,3763.760009765625,red,LR,AALI
2005-07-20,3859.050048828125,red,LR,AALI
2005-07-21,3930.510009765625,red,LR,AALI
2005-07-22,3906.68994140625,red,LR,AALI
2005-07-25,3859.050048828125,red,LR,AALI
2005-07-26,3954.330078125,red,LR,AALI
2005-07-27,3906.68994140625,red,LR,AALI
2005-07-28,3906.68994140625,red,LR,AALI
2005-07-29,3930.510009765625,red,LR,AALI
2005-08-01,3930.510009765625,red,LR,AALI
2005-08-02,3954.330078125,red,LR,AALI
2005-08-03,4001.969970703125,red,LR,AALI
2005-08-04,3978.14990234375,red,LR,AALI
2005-08-05,4025.800048828125,red,LR,AALI
2005-08-08,4001.969970703125,red,LR,AALI
2005-08-09,4001.969970703125,red,LR,AALI
2005-08-10,4001.969970703125,red,LR,AALI
2005-08-11,3954.330078125,red,LR,AALI
2005-08-12,3882.8701171875,red,LR,AALI
2005-08-15,3811.39990234375,red,LR,AALI
2005-08-16,3811.39990234375,red,LR,AALI
2005-08-18,3787.580078125,red,LR,AALI
2005-08-19,3620.830078125,red,LR,AALI
2005-08-22,3597.010009765625,red,LR,AALI
2005-08-23,3644.659912109375,red,LR,AALI
2005-08-24,3668.47998046875,red,LR,AALI
2005-08-25,3787.580078125,red,LR,AALI
2005-08-26,3692.300048828125,red,LR,AALI
2005-08-29,3549.3701171875,red,LR,AALI
2005-08-30,3763.760009765625,red,LR,AALI
2005-08-31,3882.8701171875,red,LR,AALI
2005-09-01,3787.580078125,red,LR,AALI
2005-09-05,3906.68994140625,red,LR,AALI
2005-09-06,4073.43994140625,red,LR,AALI
2005-09-07,4192.5400390625,red,LR,AALI
2005-09-08,4216.3701171875,red,LR,AALI
2005-09-09,4192.5400390625,red,LR,AALI
2005-09-12,4240.18994140625,red,LR,AALI
2005-09-13,4240.18994140625,red,LR,AALI
2005-09-14,4240.18994140625,red,LR,AALI
2005-09-15,4264.009765625,red,LR,AALI
2005-09-16,4359.2900390625,red,LR,AALI
2005-09-19,4430.759765625,red,LR,AALI
2005-09-20,4406.93994140625,red,LR,AALI
2005-09-21,4383.10986328125,red,LR,AALI
2005-09-22,4406.93994140625,red,LR,AALI
2005-09-23,4430.759765625,red,LR,AALI
2005-09-26,4454.580078125,red,LR,AALI
2005-09-27,4716.60986328125,red,LR,AALI
2005-09-28,4668.97021484375,red,LR,AALI
2005-09-29,4716.60986328125,red,LR,AALI
2005-09-30,4883.35986328125,red,LR,AALI
2005-10-03,4907.18017578125,red,LR,AALI
2005-10-04,5383.60986328125,red,LR,AALI
2005-10-05,5288.31982421875,red,LR,AALI
2005-10-06,5145.39990234375,red,LR,AALI
2005-10-07,5383.60986328125,red,LR,AALI
2005-10-10,5240.68017578125,red,LR,AALI
2005-10-11,5193.0400390625,red,LR,AALI
2005-10-12,5240.68017578125,red,LR,AALI
2005-10-13,5240.68017578125,red,LR,AALI
2005-10-14,5288.31982421875,red,LR,AALI
2005-10-17,5288.31982421875,red,LR,AALI
2005-10-18,5240.68017578125,red,LR,AALI
2005-10-19,5383.60986328125,red,LR,AALI
2005-10-20,5288.31982421875,red,LR,AALI
2005-10-21,5240.68017578125,red,LR,AALI
2005-10-24,5145.39990234375,red,LR,AALI
2005-10-25,5097.75,red,LR,AALI
2005-10-26,5050.10986328125,red,LR,AALI
2005-10-27,5002.47021484375,red,LR,AALI
2005-10-28,5002.47021484375,red,LR,AALI
2005-10-31,5145.39990234375,red,LR,AALI
2005-11-01,5240.68017578125,red,LR,AALI
2005-11-07,5240.68017578125,red,LR,AALI
2005-11-08,5240.68017578125,red,LR,AALI
2005-11-09,5193.0400390625,red,LR,AALI
2005-11-10,5240.68017578125,red,LR,AALI
2005-11-11,5193.0400390625,red,LR,AALI
2005-11-14,5193.0400390625,red,LR,AALI
2005-11-15,5097.75,red,LR,AALI
2005-11-16,5050.10986328125,red,LR,AALI
2005-11-17,5097.75,red,LR,AALI
2005-11-18,5050.10986328125,red,LR,AALI
2005-11-21,5050.10986328125,red,LR,AALI
2005-11-22,5050.10986328125,red,LR,AALI
2005-11-23,5002.47021484375,red,LR,AALI
2005-11-24,5002.47021484375,red,LR,AALI
2005-11-25,5097.75,red,LR,AALI
2005-11-28,5097.75,red,LR,AALI
2005-11-29,5240.68017578125,red,LR,AALI
2005-11-30,5240.68017578125,red,LR,AALI
2005-12-01,5097.75,red,LR,AALI
2005-12-02,5431.25,red,LR,AALI
2005-12-05,5478.89013671875,red,LR,AALI
2005-12-06,5526.5400390625,red,LR,AALI
2005-12-07,5526.5400390625,red,LR,AALI
2005-12-08,5574.18017578125,red,LR,AALI
2005-12-09,5335.97021484375,red,LR,AALI
2005-12-12,5335.97021484375,red,LR,AALI
2005-12-13,5383.60986328125,red,LR,AALI
2005-12-14,5431.25,red,LR,AALI
2005-12-15,5335.97021484375,red,LR,AALI
2005-12-16,5240.68017578125,red,LR,AALI
2005-12-19,5193.0400390625,red,LR,AALI
2005-12-20,5193.0400390625,red,LR,AALI
2005-12-21,5193.0400390625,red,LR,AALI
2005-12-22,5050.10986328125,red,LR,AALI
2005-12-23,4907.18017578125,red,LR,AALI
2005-12-26,4907.18017578125,red,LR,AALI
2005-12-27,4954.830078125,red,LR,AALI
2005-12-28,4764.259765625,red,LR,AALI
2005-12-29,4668.97021484375,red,LR,AALI
2005-12-30,4668.97021484375,red,LR,AALI
2006-01-02,4811.89990234375,red,LR,AALI
2006-01-03,4859.5400390625,red,LR,AALI
2006-01-04,4907.18017578125,red,LR,AALI
2006-01-05,4954.830078125,red,LR,AALI
2006-01-06,4907.18017578125,red,LR,AALI
2006-01-09,5002.47021484375,red,LR,AALI
2006-01-10,5002.47021484375,red,LR,AALI
2006-01-11,4954.830078125,red,LR,AALI
2006-01-12,4859.5400390625,red,LR,AALI
2006-01-13,4907.18017578125,red,LR,AALI
2006-01-16,4764.259765625,red,LR,AALI
2006-01-17,4764.259765625,red,LR,AALI
2006-01-18,4716.60986328125,red,LR,AALI
2006-01-19,4764.259765625,red,LR,AALI
2006-01-20,4764.259765625,red,LR,AALI
2006-01-23,4764.259765625,red,LR,AALI
2006-01-24,4859.5400390625,red,LR,AALI
2006-01-25,4907.18017578125,red,LR,AALI
2006-01-26,4907.18017578125,red,LR,AALI
2006-01-27,4859.5400390625,red,LR,AALI
2006-01-30,4811.89990234375,red,LR,AALI
2006-01-31,4811.89990234375,red,LR,AALI
2006-02-01,4859.5400390625,red,LR,AALI
2006-02-02,5288.31982421875,red,LR,AALI
2006-02-03,5335.97021484375,red,LR,AALI
2006-02-06,5478.89013671875,red,LR,AALI
2006-02-07,5478.89013671875,red,LR,AALI
2006-02-08,5526.5400390625,red,LR,AALI
2006-02-09,5621.81982421875,red,LR,AALI
2006-02-10,5621.81982421875,red,LR,AALI
2006-02-13,5621.81982421875,red,LR,AALI
2006-02-14,5621.81982421875,red,LR,AALI
2006-02-15,5907.68017578125,red,LR,AALI
2006-02-16,6002.9599609375,red,LR,AALI
2006-02-17,5860.02978515625,red,LR,AALI
2006-02-20,5860.02978515625,red,LR,AALI
2006-02-21,5526.5400390625,red,LR,AALI
2006-02-22,5574.18017578125,red,LR,AALI
2006-02-23,5621.81982421875,red,LR,AALI
2006-02-24,5717.10986328125,red,LR,AALI
2006-02-27,5860.02978515625,red,LR,AALI
2006-02-28,5621.81982421875,red,LR,AALI
2006-03-01,5621.81982421875,red,LR,AALI
2006-03-02,5669.4599609375,red,LR,AALI
2006-03-03,5669.4599609375,red,LR,AALI
2006-03-06,5621.81982421875,red,LR,AALI
2006-03-07,5526.5400390625,red,LR,AALI
2006-03-08,5574.18017578125,red,LR,AALI
2006-03-09,5955.31982421875,red,LR,AALI
2006-03-10,5955.31982421875,red,LR,AALI
2006-03-13,5955.31982421875,red,LR,AALI
2006-03-14,5907.68017578125,red,LR,AALI
2006-03-15,5907.68017578125,red,LR,AALI
2006-03-16,5860.02978515625,red,LR,AALI
2006-03-17,5907.68017578125,red,LR,AALI
2006-03-20,5860.02978515625,red,LR,AALI
2006-03-21,5907.68017578125,red,LR,AALI
2006-03-22,5907.68017578125,red,LR,AALI
2006-03-23,5860.02978515625,red,LR,AALI
2006-03-24,5860.02978515625,red,LR,AALI
2006-03-27,5955.31982421875,red,LR,AALI
2006-03-28,5860.02978515625,red,LR,AALI
2006-03-29,5907.68017578125,red,LR,AALI
2006-03-30,5860.02978515625,red,LR,AALI
2006-03-31,5860.02978515625,red,LR,AALI
2006-04-03,6002.9599609375,red,LR,AALI
2006-04-04,5812.39013671875,red,LR,AALI
2006-04-05,5812.39013671875,red,LR,AALI
2006-04-06,5907.68017578125,red,LR,AALI
2006-04-07,5812.39013671875,red,LR,AALI
2006-04-10,5812.39013671875,red,LR,AALI
2006-04-11,5907.68017578125,red,LR,AALI
2006-04-12,5907.68017578125,red,LR,AALI
2006-04-13,5812.39013671875,red,LR,AALI
2006-04-14,5812.39013671875,red,LR,AALI
2006-04-17,5812.39013671875,red,LR,AALI
2006-04-18,5955.31982421875,red,LR,AALI
2006-04-19,6002.9599609375,red,LR,AALI
2006-04-20,6193.52978515625,red,LR,AALI
2006-04-21,6288.81982421875,red,LR,AALI
2006-04-24,6098.25,red,LR,AALI
2006-04-25,6288.81982421875,red,LR,AALI
2006-04-26,6431.740234375,red,LR,AALI
2006-04-27,6431.740234375,red,LR,AALI
2006-04-28,6288.81982421875,red,LR,AALI
2006-05-01,6431.740234375,red,LR,AALI
2006-05-02,6384.10009765625,red,LR,AALI
2006-05-03,6288.81982421875,red,LR,AALI
2006-05-04,6288.81982421875,red,LR,AALI
2006-05-05,6384.10009765625,red,LR,AALI
2006-05-08,6336.4599609375,red,LR,AALI
2006-05-09,6669.9599609375,red,LR,AALI
2006-05-10,6574.669921875,red,LR,AALI
2006-05-11,6812.8798828125,red,LR,AALI
2006-05-12,6669.9599609375,red,LR,AALI
2006-05-15,6193.52978515625,red,LR,AALI
2006-05-16,6193.52978515625,red,LR,AALI
2006-05-17,6193.52978515625,red,LR,AALI
2006-05-18,6145.89013671875,red,LR,AALI
2006-05-19,6384.10009765625,red,LR,AALI
2006-05-22,5955.31982421875,red,LR,AALI
2006-05-23,5717.10986328125,red,LR,AALI
2006-05-24,6384.10009765625,red,LR,AALI
2006-05-25,6384.10009765625,red,LR,AALI
2006-05-26,6384.10009765625,red,LR,AALI
2006-05-29,6241.169921875,red,LR,AALI
2006-05-30,6288.81982421875,red,LR,AALI
2006-05-31,6193.52978515625,red,LR,AALI
2006-06-01,6431.740234375,red,LR,AALI
2006-06-02,6622.31005859375,red,LR,AALI
2006-06-05,6669.9599609375,red,LR,AALI
2006-06-06,6336.4599609375,red,LR,AALI
2006-06-07,6336.4599609375,red,LR,AALI
2006-06-08,6145.89013671875,red,LR,AALI
2006-06-09,6050.60009765625,red,LR,AALI
2006-06-12,6193.52978515625,red,LR,AALI
2006-06-13,6098.25,red,LR,AALI
2006-06-14,6050.60009765625,red,LR,AALI
2006-06-15,5717.10986328125,red,LR,AALI
2006-06-16,6193.52978515625,red,LR,AALI
2006-06-19,6336.4599609375,red,LR,AALI
2006-06-20,6384.10009765625,red,LR,AALI
2006-06-21,6527.02978515625,red,LR,AALI
2006-06-22,6384.10009765625,red,LR,AALI
2006-06-23,6384.10009765625,red,LR,AALI
2006-06-26,6193.52978515625,red,LR,AALI
2006-06-27,6145.89013671875,red,LR,AALI
2006-06-28,6098.25,red,LR,AALI
2006-06-29,6098.25,red,LR,AALI
2006-06-30,6193.52978515625,red,LR,AALI
2006-07-03,6193.52978515625,red,LR,AALI
2006-07-04,6384.10009765625,red,LR,AALI
2006-07-05,6622.31005859375,red,LR,AALI
2006-07-06,6669.9599609375,red,LR,AALI
2006-07-07,6669.9599609375,red,LR,AALI
2006-07-10,6574.669921875,red,LR,AALI
2006-07-11,6479.39013671875,red,LR,AALI
2006-07-12,6622.31005859375,red,LR,AALI
2006-07-13,6622.31005859375,red,LR,AALI
2006-07-14,6527.02978515625,red,LR,AALI
2006-07-17,6479.39013671875,red,LR,AALI
2006-07-18,6431.740234375,red,LR,AALI
2006-07-19,6765.240234375,red,LR,AALI
2006-07-20,7051.10009765625,red,LR,AALI
2006-07-21,7194.02978515625,red,LR,AALI
2006-07-24,7289.31005859375,red,LR,AALI
2006-07-25,7670.4501953125,red,LR,AALI
2006-07-26,8337.4501953125,red,LR,AALI
2006-07-27,8242.16015625,red,LR,AALI
2006-07-28,8003.9501953125,red,LR,AALI
2006-07-31,7956.31005859375,red,LR,AALI
2006-08-01,7908.66015625,red,LR,AALI
2006-08-02,7908.66015625,red,LR,AALI
2006-08-03,7861.02001953125,red,LR,AALI
2006-08-04,7861.02001953125,red,LR,AALI
2006-08-07,8003.9501953125,red,LR,AALI
2006-08-08,8242.16015625,red,LR,AALI
2006-08-09,8480.3701171875,red,LR,AALI
2006-08-10,8194.51953125,red,LR,AALI
2006-08-11,8099.22998046875,red,LR,AALI
2006-08-14,8099.22998046875,red,LR,AALI
2006-08-15,8099.22998046875,red,LR,AALI
2006-08-16,8051.58984375,red,LR,AALI
2006-08-17,8051.58984375,red,LR,AALI
2006-08-18,8051.58984375,red,LR,AALI
2006-08-21,8051.58984375,red,LR,AALI
2006-08-22,8003.9501953125,red,LR,AALI
2006-08-23,8242.16015625,red,LR,AALI
2006-08-24,8385.08984375,red,LR,AALI
2006-08-25,8623.2998046875,red,LR,AALI
2006-08-28,8623.2998046875,red,LR,AALI
2006-08-29,8623.2998046875,red,LR,AALI
2006-08-30,8385.08984375,red,LR,AALI
2006-08-31,8766.23046875,red,LR,AALI
2006-09-01,9147.3701171875,red,LR,AALI
2006-09-04,9099.73046875,red,LR,AALI
2006-09-05,9004.4404296875,red,LR,AALI
2006-09-06,8861.509765625,red,LR,AALI
2006-09-07,8670.9404296875,red,LR,AALI
2006-09-08,8480.3701171875,red,LR,AALI
2006-09-11,8385.08984375,red,LR,AALI
2006-09-12,8003.9501953125,red,LR,AALI
2006-09-13,8289.7998046875,red,LR,AALI
2006-09-14,8575.66015625,red,LR,AALI
2006-09-15,8575.66015625,red,LR,AALI
2006-09-18,8432.73046875,red,LR,AALI
2006-09-19,8480.3701171875,red,LR,AALI
2006-09-20,8385.08984375,red,LR,AALI
2006-09-21,8337.4501953125,red,LR,AALI
2006-09-22,8289.7998046875,red,LR,AALI
2006-09-25,8289.7998046875,red,LR,AALI
2006-09-26,8289.7998046875,red,LR,AALI
2006-09-27,8385.08984375,red,LR,AALI
2006-09-28,8623.2998046875,red,LR,AALI
2006-09-29,8670.9404296875,red,LR,AALI
2006-10-02,8480.3701171875,red,LR,AALI
2006-10-03,8861.509765625,red,LR,AALI
2006-10-04,8670.9404296875,red,LR,AALI
2006-10-05,8623.2998046875,red,LR,AALI
2006-10-06,8766.23046875,red,LR,AALI
2006-10-09,8670.9404296875,red,LR,AALI
2006-10-10,8813.8701171875,red,LR,AALI
2006-10-11,8813.8701171875,red,LR,AALI
2006-10-12,8670.9404296875,red,LR,AALI
2006-10-13,8670.9404296875,red,LR,AALI
2006-10-16,8670.9404296875,red,LR,AALI
2006-10-17,8623.2998046875,red,LR,AALI
2006-10-18,8575.66015625,red,LR,AALI
2006-10-19,8575.66015625,red,LR,AALI
2006-10-20,8956.7998046875,red,LR,AALI
2006-10-23,8956.7998046875,red,LR,AALI
2006-10-24,8956.7998046875,red,LR,AALI
2006-10-25,8956.7998046875,red,LR,AALI
2006-10-26,8956.7998046875,red,LR,AALI
2006-10-27,8956.7998046875,red,LR,AALI
2006-10-30,9433.23046875,red,LR,AALI
2006-10-31,9290.2998046875,red,LR,AALI
2006-11-01,9385.580078125,red,LR,AALI
2006-11-02,9623.7900390625,red,LR,AALI
2006-11-03,10052.599609375,red,LR,AALI
2006-11-06,10052.599609375,red,LR,AALI
2006-11-07,10004.900390625,red,LR,AALI
2006-11-08,9719.080078125,red,LR,AALI
2006-11-09,9719.080078125,red,LR,AALI
2006-11-10,9814.3701171875,red,LR,AALI
2006-11-13,9623.7900390625,red,LR,AALI
2006-11-14,10004.900390625,red,LR,AALI
2006-11-15,10004.900390625,red,LR,AALI
2006-11-16,9957.2900390625,red,LR,AALI
2006-11-17,9814.3701171875,red,LR,AALI
2006-11-20,9814.3701171875,red,LR,AALI
2006-11-21,9814.3701171875,red,LR,AALI
2006-11-22,10290.7998046875,red,LR,AALI
2006-11-23,10100.2001953125,red,LR,AALI
2006-11-24,10100.2001953125,red,LR,AALI
2006-11-27,10290.7998046875,red,LR,AALI
2006-11-28,10004.900390625,red,LR,AALI
2006-11-29,10052.599609375,red,LR,AALI
2006-11-30,10147.900390625,red,LR,AALI
2006-12-01,10957.7998046875,red,LR,AALI
2006-12-04,10624.2998046875,red,LR,AALI
2006-12-05,10814.900390625,red,LR,AALI
2006-12-06,10767.2001953125,red,LR,AALI
2006-12-07,10814.900390625,red,LR,AALI
2006-12-08,10624.2998046875,red,LR,AALI
2006-12-11,10719.599609375,red,LR,AALI
2006-12-12,10767.2001953125,red,LR,AALI
2006-12-13,10481.400390625,red,LR,AALI
2006-12-14,10433.7001953125,red,LR,AALI
2006-12-15,10576.599609375,red,LR,AALI
2006-12-18,10910.099609375,red,LR,AALI
2006-12-19,10433.7001953125,red,LR,AALI
2006-12-20,10957.7998046875,red,LR,AALI
2006-12-21,11481.900390625,red,LR,AALI
2006-12-22,11434.2001953125,red,LR,AALI
2006-12-26,11720.099609375,red,LR,AALI
2006-12-27,11958.2998046875,red,LR,AALI
2006-12-28,11958.2998046875,red,LR,AALI
2006-12-29,12005.900390625,red,LR,AALI
2007-01-02,12196.5,red,LR,AALI
2007-01-03,12387.099609375,red,LR,AALI
2007-01-04,12244.099609375,red,LR,AALI
2007-01-05,11863.0,red,LR,AALI
2007-01-08,11672.400390625,red,LR,AALI
2007-01-09,11243.599609375,red,LR,AALI
2007-01-10,10957.7998046875,red,LR,AALI
2007-01-11,11196.0,red,LR,AALI
2007-01-12,11481.900390625,red,LR,AALI
2007-01-15,12101.2001953125,red,LR,AALI
2007-01-16,12768.2001953125,red,LR,AALI
2007-01-17,12958.7998046875,red,LR,AALI
2007-01-18,13530.5,red,LR,AALI
2007-01-19,13244.599609375,red,LR,AALI
2007-01-22,13721.099609375,red,LR,AALI
2007-01-23,13435.2001953125,red,LR,AALI
2007-01-24,13292.2998046875,red,LR,AALI
2007-01-25,12482.2998046875,red,LR,AALI
2007-01-26,12339.400390625,red,LR,AALI
2007-01-29,12863.5,red,LR,AALI
2007-01-30,12863.5,red,LR,AALI
2007-01-31,12577.599609375,red,LR,AALI
2007-02-01,12196.5,red,LR,AALI
2007-02-02,12196.5,red,LR,AALI
2007-02-05,12291.7998046875,red,LR,AALI
2007-02-06,12244.099609375,red,LR,AALI
2007-02-07,12291.7998046875,red,LR,AALI
2007-02-08,12291.7998046875,red,LR,AALI
2007-02-09,12387.099609375,red,LR,AALI
2007-02-12,12101.2001953125,red,LR,AALI
2007-02-13,11958.2998046875,red,LR,AALI
2007-02-14,12101.2001953125,red,LR,AALI
2007-02-15,12720.599609375,red,LR,AALI
2007-02-16,12768.2001953125,red,LR,AALI
2007-02-19,12720.599609375,red,LR,AALI
2007-02-20,12768.2001953125,red,LR,AALI
2007-02-21,12720.599609375,red,LR,AALI
2007-02-22,12911.099609375,red,LR,AALI
2007-02-23,12768.2001953125,red,LR,AALI
2007-02-26,12625.2998046875,red,LR,AALI
2007-02-27,12291.7998046875,red,LR,AALI
2007-02-28,11958.2998046875,red,LR,AALI
2007-03-01,12005.900390625,red,LR,AALI
2007-03-02,12005.900390625,red,LR,AALI
2007-03-05,11481.900390625,red,LR,AALI
2007-03-06,11529.5,red,LR,AALI
2007-03-07,11720.099609375,red,LR,AALI
2007-03-08,11863.0,red,LR,AALI
2007-03-09,11672.400390625,red,LR,AALI
2007-03-12,11910.599609375,red,LR,AALI
2007-03-13,11910.599609375,red,LR,AALI
2007-03-14,11672.400390625,red,LR,AALI
2007-03-15,11720.099609375,red,LR,AALI
2007-03-16,11624.7998046875,red,LR,AALI
2007-03-20,11338.900390625,red,LR,AALI
2007-03-21,11481.900390625,red,LR,AALI
2007-03-22,11577.099609375,red,LR,AALI
2007-03-23,11577.099609375,red,LR,AALI
2007-03-26,12101.2001953125,red,LR,AALI
2007-03-27,12101.2001953125,red,LR,AALI
2007-03-28,11863.0,red,LR,AALI
2007-03-29,11958.2998046875,red,LR,AALI
2007-03-30,12005.900390625,red,LR,AALI
2007-04-02,12387.099609375,red,LR,AALI
2007-04-03,12911.099609375,red,LR,AALI
2007-04-04,13101.7001953125,red,LR,AALI
2007-04-05,13006.400390625,red,LR,AALI
2007-04-09,13292.2998046875,red,LR,AALI
2007-04-10,13578.099609375,red,LR,AALI
2007-04-11,13149.2998046875,red,LR,AALI
2007-04-12,13578.099609375,red,LR,AALI
2007-04-13,13530.5,red,LR,AALI
