Datecadangan,Predictions,warna
2007-09-25,6024.920230928808,blue
2007-09-26,6027.124256001553,blue
2007-09-27,6029.328281074064,blue
2007-09-28,6031.532306146808,blue
2007-10-01,6038.1443813648075,blue
2007-10-02,6040.348406437319,blue
2007-10-03,6042.552431510063,blue
2007-10-04,6044.756456582574,blue
2007-10-05,6046.960481655318,blue
2007-10-08,6053.572556873085,blue
2007-10-09,6055.776581945829,blue
2007-10-10,6057.98060701834,blue
2007-10-11,6060.1846320910845,blue
2007-10-17,6073.408782526851,blue
2007-10-18,6075.612807599595,blue
2007-10-19,6077.816832672106,blue
2007-10-22,6084.428907890106,blue
2007-10-23,6086.632932962617,blue
2007-10-24,6088.836958035361,blue
2007-10-25,6091.040983107872,blue
2007-10-26,6093.245008180616,blue
2007-10-29,6099.857083398383,blue
2007-10-30,6102.061108471127,blue
2007-10-31,6104.2651335436385,blue
2007-11-01,6106.469158616383,blue
2007-11-02,6108.673183689127,blue
2007-11-05,6115.285258906893,blue
2007-11-06,6117.489283979638,blue
2007-11-07,6119.693309052149,blue
2007-11-08,6121.897334124893,blue
2007-11-09,6124.101359197404,blue
2007-11-12,6130.713434415404,blue
2007-11-13,6132.917459487915,blue
2007-11-14,6135.121484560659,blue
2007-11-15,6137.32550963317,blue
2007-11-16,6139.529534705915,blue
2007-11-19,6146.141609923914,blue
2007-11-20,6148.345634996425,blue
2007-11-21,6150.5496600691695,blue
2007-11-22,6152.753685141681,blue
2007-11-23,6154.957710214425,blue
2007-11-26,6161.569785432192,blue
2007-11-27,6163.773810504936,blue
2007-11-28,6165.977835577447,blue
2007-11-29,6168.181860650191,blue
2007-11-30,6170.385885722702,blue
2007-12-03,6176.997960940702,blue
2007-12-04,6179.201986013446,blue
2007-12-05,6181.406011085957,blue
2007-12-06,6183.610036158701,blue
2007-12-07,6185.814061231213,blue
2007-12-10,6192.426136449212,blue
2007-12-11,6194.6301615217235,blue
2007-12-12,6196.834186594468,blue
2007-12-13,6199.038211666979,blue
2007-12-14,6201.242236739723,blue
2007-12-17,6207.85431195749,blue
2007-12-18,6210.058337030234,blue
2007-12-19,6212.262362102745,blue
2007-12-26,6227.690537611255,blue
2007-12-27,6229.8945626839995,blue
2007-12-28,6232.098587756511,blue
2008-01-02,6243.118713119766,blue
2008-01-03,6245.322738192277,blue
2008-01-04,6247.526763265021,blue
2008-01-07,6254.138838483021,blue
2008-01-08,6256.342863555532,blue
2008-01-09,6258.546888628276,blue
2008-01-14,6269.567013991298,blue
2008-01-15,6271.771039064042,blue
2008-01-16,6273.975064136554,blue
2008-01-17,6276.179089209298,blue
2008-01-18,6278.383114281809,blue
2008-01-21,6284.9951894998085,blue
2008-01-22,6287.199214572553,blue
2008-01-23,6289.403239645064,blue
2008-01-24,6291.607264717808,blue
2008-01-25,6293.811289790319,blue
2008-01-28,6300.423365008319,blue
2008-01-29,6302.62739008083,blue
2008-01-30,6304.831415153574,blue
2008-01-31,6307.0354402260855,blue
2008-02-01,6309.23946529883,blue
2008-02-04,6315.851540516596,blue
2008-02-05,6318.05556558934,blue
2008-02-06,6320.259590661852,blue
2008-02-11,6331.279716025107,blue
2008-02-12,6333.483741097851,blue
2008-02-13,6335.687766170362,blue
2008-02-14,6337.891791243106,blue
2008-02-15,6340.095816315617,blue
2008-02-18,6346.707891533617,blue
2008-02-19,6348.911916606128,blue
2008-02-20,6351.115941678872,blue
2008-02-21,6353.319966751384,blue
2008-02-22,6355.523991824128,blue
2008-02-25,6362.136067042127,blue
2008-02-26,6364.3400921146385,blue
2008-02-27,6366.544117187383,blue
2008-02-28,6368.748142259894,blue
2008-02-29,6370.952167332638,blue
2008-03-03,6377.564242550405,blue
2008-03-04,6379.768267623149,blue
2008-03-05,6381.97229269566,blue
2008-03-06,6384.176317768404,blue
2008-03-10,6392.992418058915,blue
2008-03-11,6395.196443131659,blue
2008-03-12,6397.4004682041705,blue
2008-03-13,6399.604493276915,blue
2008-03-14,6401.808518349426,blue
2008-03-17,6408.420593567425,blue
2008-03-18,6410.624618639937,blue
2008-03-19,6412.828643712681,blue
2008-03-24,6423.848769075703,blue
2008-03-25,6426.052794148447,blue
2008-03-26,6428.256819220958,blue
2008-03-27,6430.460844293702,blue
2008-03-28,6432.6648693664465,blue
2008-03-31,6439.276944584213,blue
2008-04-01,6441.480969656957,blue
2008-04-02,6443.684994729469,blue
2008-04-03,6445.889019802213,blue
2008-04-04,6448.093044874724,blue
2008-04-07,6454.7051200927235,blue
2008-04-08,6456.909145165235,blue
2008-04-09,6459.113170237979,blue
2008-04-10,6461.31719531049,blue
2008-04-11,6463.521220383234,blue
2008-04-14,6470.133295601234,blue
2008-04-15,6472.337320673745,blue
2008-04-16,6474.541345746489,blue
2008-04-17,6476.7453708190005,blue
2008-04-18,6478.949395891745,blue
2008-04-21,6485.561471109511,blue
2008-04-22,6487.765496182255,blue
2008-04-23,6489.969521254767,blue
2008-04-24,6492.173546327511,blue
2008-04-25,6494.377571400022,blue
2008-04-28,6500.989646618022,blue
2008-04-29,6503.193671690766,blue
2008-04-30,6505.397696763277,blue
2008-05-05,6516.417822126532,blue
2008-05-06,6518.621847199043,blue
2008-05-07,6520.825872271787,blue
2008-05-08,6523.029897344299,blue
2008-05-09,6525.233922417043,blue
2008-05-12,6531.8459976348095,blue
2008-05-13,6534.050022707554,blue
2008-05-14,6536.254047780065,blue
2008-05-15,6538.458072852809,blue
2008-05-16,6540.662097925553,blue
2008-05-21,6551.682223288575,blue
2008-05-22,6553.886248361319,blue
2008-05-23,6556.090273433831,blue
2008-05-26,6562.70234865183,blue
2008-05-27,6564.906373724341,blue
2008-05-28,6567.1103987970855,blue
2008-05-29,6569.314423869597,blue
2008-05-30,6571.518448942341,blue
2008-06-02,6578.13052416034,blue
2008-06-03,6580.334549232852,blue
2008-06-04,6582.538574305596,blue
2008-06-05,6584.742599378107,blue
2008-06-06,6586.946624450851,blue
2008-06-09,6593.558699668618,blue
2008-06-10,6595.762724741362,blue
2008-06-11,6597.966749813873,blue
2008-06-12,6600.170774886617,blue
2008-06-13,6602.374799959129,blue
2008-06-16,6608.986875177128,blue
2008-06-17,6611.190900249872,blue
2008-06-18,6613.394925322384,blue
2008-06-19,6615.598950395128,blue
2008-06-20,6617.802975467639,blue
2008-06-23,6624.415050685639,blue
2008-06-24,6626.61907575815,blue
2008-06-25,6628.823100830894,blue
2008-06-26,6631.027125903405,blue
2008-06-27,6633.231150976149,blue
2008-06-30,6639.843226193916,blue
2008-07-01,6642.04725126666,blue
2008-07-02,6644.251276339171,blue
2008-07-03,6646.455301411916,blue
2008-07-04,6648.65932648466,blue
2008-07-07,6655.271401702426,blue
2008-07-08,6657.4754267751705,blue
2008-07-09,6659.679451847682,blue
2008-07-10,6661.883476920426,blue
2008-07-11,6664.087501992937,blue
2008-07-14,6670.699577210937,blue
2008-07-15,6672.903602283448,blue
2008-07-16,6675.107627356192,blue
2008-07-17,6677.311652428703,blue
2008-07-18,6679.5156775014475,blue
2008-07-21,6686.127752719447,blue
2008-07-22,6688.331777791958,blue
2008-07-23,6690.535802864702,blue
2008-07-24,6692.739827937214,blue
2008-07-25,6694.943853009958,blue
2008-07-28,6701.5559282277245,blue
2008-07-29,6703.759953300469,blue
2008-07-31,6708.168003445724,blue
2008-08-01,6710.372028518235,blue
2008-08-04,6716.984103736235,blue
2008-08-05,6719.188128808979,blue
2008-08-06,6721.39215388149,blue
2008-08-07,6723.596178954234,blue
2008-08-08,6725.800204026746,blue
2008-08-11,6732.412279244745,blue
2008-08-12,6734.616304317256,blue
2008-08-13,6736.820329390001,blue
2008-08-14,6739.024354462512,blue
2008-08-15,6741.228379535256,blue
2008-08-19,6750.044479825767,blue
2008-08-20,6752.248504898278,blue
2008-08-21,6754.452529971022,blue
2008-08-22,6756.656555043766,blue
2008-08-25,6763.268630261533,blue
2008-08-26,6765.472655334277,blue
2008-08-27,6767.676680406788,blue
2008-08-28,6769.8807054795325,blue
2008-08-29,6772.084730552044,blue
2008-09-01,6778.696805770043,blue
2008-09-02,6780.900830842555,blue
2008-09-03,6783.104855915299,blue
2008-09-04,6785.30888098781,blue
2008-09-05,6787.512906060554,blue
2008-09-08,6794.124981278554,blue
2008-09-09,6796.329006351065,blue
2008-09-10,6798.533031423809,blue
2008-09-11,6800.73705649632,blue
2008-09-12,6802.941081569064,blue
2008-09-15,6809.553156786831,blue
2008-09-16,6811.757181859575,blue
2008-09-17,6813.9612069320865,blue
2008-09-18,6816.165232004831,blue
2008-09-19,6818.369257077342,blue
2008-09-22,6824.981332295341,blue
2008-09-23,6827.1853573680855,blue
2008-09-24,6829.389382440597,blue
2008-09-25,6831.593407513341,blue
2008-09-26,6833.797432585852,blue
2008-10-06,6855.837683312129,blue
2008-10-07,6858.041708384873,blue
2008-10-08,6860.245733457385,blue
2008-10-13,6871.26585882064,blue
2008-10-14,6873.469883893384,blue
2008-10-15,6875.673908965895,blue
2008-10-16,6877.877934038639,blue
2008-10-17,6880.08195911115,blue
2008-10-20,6886.69403432915,blue
2008-10-21,6888.898059401661,blue
2008-10-22,6891.102084474405,blue
2008-10-23,6893.306109546917,blue
2008-10-24,6895.510134619661,blue
2008-10-27,6902.12220983766,blue
2008-10-28,6904.3262349101715,blue
2008-10-29,6906.530259982916,blue
2008-10-30,6908.734285055427,blue
2008-10-31,6910.938310128171,blue
2008-11-03,6917.550385345938,blue
2008-11-04,6919.754410418682,blue
2008-11-05,6921.958435491193,blue
2008-11-06,6924.162460563937,blue
2008-11-07,6926.3664856364485,blue
2008-11-10,6932.978560854448,blue
2008-11-11,6935.182585927192,blue
2008-11-12,6937.386610999703,blue
2008-11-13,6939.5906360724475,blue
2008-11-14,6941.794661144959,blue
2008-11-17,6948.406736362958,blue
2008-11-18,6950.61076143547,blue
2008-11-19,6952.814786508214,blue
2008-11-20,6955.018811580725,blue
2008-11-21,6957.222836653469,blue
2008-11-24,6963.834911871236,blue
2008-11-25,6966.03893694398,blue
2008-11-26,6968.242962016491,blue
2008-11-27,6970.446987089235,blue
2008-11-28,6972.651012161979,blue
2008-12-01,6979.263087379746,blue
2008-12-02,6981.46711245249,blue
2008-12-03,6983.6711375250015,blue
2008-12-04,6985.875162597746,blue
2008-12-05,6988.079187670257,blue
2008-12-09,6996.895287960768,blue
2008-12-10,6999.099313033512,blue
2008-12-11,7001.303338106023,blue
2008-12-12,7003.507363178767,blue
2008-12-15,7010.119438396767,blue
2008-12-16,7012.323463469278,blue
2008-12-17,7014.527488542022,blue
2008-12-18,7016.7315136145335,blue
2008-12-19,7018.935538687278,blue
2008-12-22,7025.547613905044,blue
2008-12-23,7027.751638977788,blue
2008-12-24,7029.9556640503,blue
2008-12-30,7043.179814486299,blue
2009-01-05,7056.403964922065,blue
2009-01-06,7058.607989994576,blue
2009-01-07,7060.81201506732,blue
2009-01-08,7063.016040139832,blue
2009-01-09,7065.220065212576,blue
2009-01-12,7071.832140430342,blue
2009-01-13,7074.0361655030865,blue
2009-01-14,7076.240190575598,blue
2009-01-15,7078.444215648342,blue
2009-01-16,7080.648240721086,blue
2009-01-19,7087.260315938853,blue
2009-01-20,7089.464341011597,blue
2009-01-21,7091.668366084108,blue
2009-01-22,7093.872391156852,blue
2009-01-23,7096.0764162293635,blue
2009-01-27,7104.892516519874,blue
2009-01-28,7107.096541592618,blue
2009-01-29,7109.30056666513,blue
2009-01-30,7111.504591737874,blue
2009-02-02,7118.116666955873,blue
2009-02-03,7120.320692028385,blue
2009-02-04,7122.524717101129,blue
2009-02-05,7124.72874217364,blue
2009-02-06,7126.932767246384,blue
2009-02-09,7133.544842464151,blue
2009-02-10,7135.748867536895,blue
2009-02-11,7137.952892609406,blue
2009-02-12,7140.15691768215,blue
2009-02-13,7142.360942754662,blue
2009-02-16,7148.973017972661,blue
2009-02-17,7151.177043045405,blue
2009-02-18,7153.381068117917,blue
2009-02-19,7155.585093190661,blue
2009-02-20,7157.789118263172,blue
2009-02-23,7164.4011934811715,blue
2009-02-24,7166.605218553683,blue
2009-02-25,7168.809243626427,blue
2009-02-26,7171.013268698938,blue
2009-02-27,7173.217293771682,blue
2009-03-02,7179.829368989449,blue
2009-03-03,7182.033394062193,blue
2009-03-04,7184.237419134704,blue
2009-03-05,7186.4414442074485,blue
2009-03-06,7188.645469280193,blue
2009-03-10,7197.461569570703,blue
2009-03-11,7199.665594643215,blue
2009-03-12,7201.869619715959,blue
2009-03-13,7204.07364478847,blue
2009-03-16,7210.68572000647,blue
2009-03-17,7212.889745078981,blue
2009-03-18,7215.093770151725,blue
2009-03-19,7217.297795224236,blue
2009-03-20,7219.50182029698,blue
2009-03-23,7226.11389551498,blue
2009-03-24,7228.317920587491,blue
2009-03-25,7230.521945660235,blue
2009-03-27,7234.929995805491,blue
2009-03-30,7241.542071023257,blue
2009-03-31,7243.746096096002,blue
2009-04-01,7245.950121168513,blue
2009-04-02,7248.154146241257,blue
2009-04-03,7250.358171313768,blue
2009-04-06,7256.970246531768,blue
2009-04-07,7259.174271604512,blue
2009-04-08,7261.378296677023,blue
2009-04-13,7272.398422040278,blue
2009-04-14,7274.602447112789,blue
2009-04-15,7276.8064721855335,blue
2009-04-16,7279.010497258045,blue
2009-04-17,7281.214522330789,blue
2009-04-20,7287.826597548556,blue
2009-04-22,7292.234647693811,blue
2009-04-23,7294.438672766555,blue
2009-04-24,7296.642697839299,blue
2009-04-27,7303.254773057066,blue
2009-04-28,7305.45879812981,blue
2009-04-29,7307.662823202321,blue
2009-04-30,7309.866848275065,blue
2009-05-01,7312.070873347577,blue
2009-05-04,7318.682948565576,blue
2009-05-05,7320.8869736380875,blue
2009-05-06,7323.090998710832,blue
2009-05-07,7325.295023783343,blue
2009-05-08,7327.499048856087,blue
2009-05-11,7334.111124074087,blue
2009-05-12,7336.315149146598,blue
2009-05-13,7338.519174219342,blue
2009-05-14,7340.723199291853,blue
2009-05-15,7342.927224364597,blue
2009-05-18,7349.539299582364,blue
2009-05-19,7351.743324655108,blue
2009-05-20,7353.947349727619,blue
2009-05-22,7358.355399872875,blue
2009-05-25,7364.967475090874,blue
2009-05-26,7367.1715001636185,blue
2009-05-27,7369.37552523613,blue
2009-05-28,7371.579550308874,blue
2009-05-29,7373.783575381385,blue
2009-06-01,7380.395650599385,blue
2009-06-02,7382.599675671896,blue
2009-06-03,7384.80370074464,blue
2009-06-04,7387.007725817151,blue
2009-06-05,7389.2117508898955,blue
2009-06-08,7395.823826107662,blue
2009-06-09,7398.027851180406,blue
2009-06-10,7400.231876252918,blue
2009-06-11,7402.435901325662,blue
2009-06-12,7404.639926398406,blue
2009-06-15,7411.2520016161725,blue
2009-06-16,7413.456026688917,blue
2009-06-17,7415.660051761428,blue
2009-06-18,7417.864076834172,blue
2009-06-19,7420.068101906683,blue
2009-06-22,7426.680177124683,blue
2009-06-23,7428.884202197194,blue
2009-06-24,7431.088227269938,blue
2009-06-25,7433.2922523424495,blue
2009-06-26,7435.496277415194,blue
2009-06-29,7442.108352633193,blue
2009-06-30,7444.312377705704,blue
2009-07-01,7446.5164027784485,blue
2009-07-02,7448.72042785096,blue
2009-07-03,7450.924452923704,blue
2009-07-06,7457.536528141471,blue
2009-07-07,7459.740553214215,blue
2009-07-09,7464.14860335947,blue
2009-07-10,7466.352628431981,blue
2009-07-13,7472.964703649981,blue
2009-07-14,7475.168728722725,blue
2009-07-15,7477.372753795236,blue
2009-07-16,7479.5767788679805,blue
2009-07-17,7481.780803940492,blue
2009-07-21,7490.596904231003,blue
2009-07-22,7492.800929303747,blue
2009-07-23,7495.004954376258,blue
2009-07-24,7497.208979449002,blue
2009-07-27,7503.821054666769,blue
2009-07-28,7506.025079739513,blue
2009-07-29,7508.229104812024,blue
2009-07-30,7510.433129884768,blue
2009-07-31,7512.637154957512,blue
2009-08-03,7519.249230175279,blue
2009-08-04,7521.453255248023,blue
2009-08-05,7523.6572803205345,blue
2009-08-06,7525.861305393279,blue
2009-08-07,7528.06533046579,blue
2009-08-10,7534.677405683789,blue
2009-08-11,7536.881430756301,blue
2009-08-12,7539.085455829045,blue
2009-08-13,7541.289480901556,blue
2009-08-14,7543.4935059743,blue
2009-08-18,7552.309606264811,blue
2009-08-19,7554.513631337555,blue
2009-08-20,7556.717656410066,blue
2009-08-21,7558.9216814828105,blue
2009-08-24,7565.533756700577,blue
2009-08-25,7567.737781773321,blue
2009-08-26,7569.941806845833,blue
2009-08-27,7572.145831918577,blue
2009-08-28,7574.349856991088,blue
2009-08-31,7580.9619322090875,blue
2009-09-01,7583.165957281832,blue
2009-09-02,7585.369982354343,blue
2009-09-03,7587.574007427087,blue
2009-09-04,7589.778032499598,blue
2009-09-07,7596.390107717598,blue
2009-09-08,7598.594132790109,blue
2009-09-09,7600.798157862853,blue
2009-09-10,7603.0021829353645,blue
2009-09-11,7605.206208008109,blue
2009-09-14,7611.818283225875,blue
2009-09-15,7614.0223082986195,blue
2009-09-16,7616.226333371131,blue
2009-09-17,7618.430358443875,blue
2009-09-24,7633.858533952385,blue
2009-09-25,7636.0625590248965,blue
2009-09-28,7642.674634242896,blue
2009-09-29,7644.878659315407,blue
2009-09-30,7647.082684388151,blue
2009-10-01,7649.286709460663,blue
2009-10-02,7651.490734533407,blue
2009-10-05,7658.102809751406,blue
2009-10-06,7660.306834823918,blue
2009-10-07,7662.510859896662,blue
2009-10-08,7664.714884969173,blue
2009-10-09,7666.918910041917,blue
2009-10-12,7673.530985259684,blue
2009-10-13,7675.735010332428,blue
2009-10-14,7677.939035404939,blue
2009-10-15,7680.143060477683,blue
2009-10-16,7682.347085550195,blue
2009-10-19,7688.959160768194,blue
2009-10-20,7691.163185840938,blue
2009-10-21,7693.3672109134495,blue
2009-10-22,7695.571235986194,blue
2009-10-23,7697.775261058705,blue
2009-10-26,7704.387336276704,blue
2009-10-27,7706.591361349216,blue
2009-10-28,7708.79538642196,blue
2009-10-29,7710.999411494471,blue
2009-10-30,7713.203436567215,blue
2009-11-02,7719.815511784982,blue
2009-11-03,7722.019536857726,blue
2009-11-04,7724.223561930237,blue
2009-11-05,7726.427587002981,blue
2009-11-06,7728.631612075726,blue
2009-11-09,7735.243687293492,blue
2009-11-10,7737.447712366236,blue
2009-11-11,7739.651737438748,blue
2009-11-12,7741.855762511492,blue
2009-11-13,7744.059787584003,blue
2009-11-16,7750.671862802003,blue
2009-11-17,7752.875887874514,blue
2009-11-18,7755.079912947258,blue
2009-11-19,7757.283938019769,blue
2009-11-20,7759.487963092513,blue
2009-11-23,7766.100038310513,blue
2009-11-24,7768.304063383024,blue
2009-11-25,7770.508088455768,blue
2009-11-26,7772.71211352828,blue
2009-11-30,7781.52821381879,blue
2009-12-01,7783.7322388915345,blue
2009-12-02,7785.936263964046,blue
2009-12-03,7788.14028903679,blue
2009-12-04,7790.344314109301,blue
2009-12-07,7796.956389327301,blue
2009-12-08,7799.160414400045,blue
2009-12-09,7801.364439472556,blue
2009-12-10,7803.5684645453,blue
2009-12-11,7805.7724896178115,blue
2009-12-14,7812.384564835811,blue
2009-12-15,7814.588589908322,blue
2009-12-16,7816.792614981066,blue
2009-12-17,7818.996640053578,blue
2009-12-21,7827.8127403440885,blue
2009-12-22,7830.016765416833,blue
2009-12-23,7832.220790489344,blue
2009-12-28,7843.240915852599,blue
2009-12-29,7845.444940925343,blue
2009-12-30,7847.648965997854,blue
2010-01-04,7858.669091361109,blue
2010-01-05,7860.87311643362,blue
2010-01-06,7863.077141506365,blue
2010-01-07,7865.281166578876,blue
2010-01-08,7867.48519165162,blue
2010-01-11,7874.0972668696195,blue
2010-01-12,7876.301291942131,blue
2010-01-13,7878.505317014875,blue
2010-01-14,7880.709342087386,blue
2010-01-15,7882.91336716013,blue
2010-01-18,7889.525442377897,blue
2010-01-19,7891.729467450641,blue
2010-01-20,7893.933492523152,blue
2010-01-21,7896.1375175958965,blue
2010-01-22,7898.341542668408,blue
2010-01-25,7904.953617886407,blue
2010-01-26,7907.157642959151,blue
2010-01-27,7909.361668031663,blue
2010-01-28,7911.565693104407,blue
2010-01-29,7913.769718176918,blue
2010-02-01,7920.381793394918,blue
2010-02-02,7922.585818467429,blue
2010-02-03,7924.789843540173,blue
2010-02-04,7926.993868612684,blue
2010-02-05,7929.197893685428,blue
2010-02-08,7935.809968903195,blue
2010-02-09,7938.013993975939,blue
2010-02-10,7940.2180190484505,blue
2010-02-11,7942.422044121195,blue
2010-02-12,7944.626069193939,blue
2010-02-15,7951.238144411705,blue
2010-02-16,7953.44216948445,blue
2010-02-17,7955.646194556961,blue
2010-02-18,7957.850219629705,blue
2010-02-19,7960.054244702216,blue
2010-02-22,7966.666319920216,blue
2010-02-23,7968.870344992727,blue
2010-02-24,7971.074370065471,blue
2010-02-25,7973.278395137982,blue
2010-03-01,7982.094495428726,blue
2010-03-02,7984.298520501237,blue
2010-03-03,7986.5025455739815,blue
2010-03-04,7988.706570646493,blue
2010-03-05,7990.910595719237,blue
2010-03-08,7997.522670937004,blue
2010-03-09,7999.726696009748,blue
2010-03-10,8001.930721082259,blue
2010-03-11,8004.134746155003,blue
2010-03-12,8006.338771227514,blue
2010-03-15,8012.950846445514,blue
2010-03-17,8017.358896590769,blue
2010-03-18,8019.562921663513,blue
2010-03-19,8021.766946736025,blue
2010-03-22,8028.379021954024,blue
2010-03-23,8030.5830470265355,blue
2010-03-24,8032.78707209928,blue
2010-03-25,8034.991097171791,blue
2010-03-26,8037.195122244535,blue
2010-03-29,8043.807197462302,blue
2010-03-30,8046.011222535046,blue
2010-03-31,8048.215247607557,blue
2010-04-01,8050.419272680301,blue
2010-04-05,8059.235372970812,blue
2010-04-06,8061.439398043556,blue
2010-04-07,8063.643423116067,blue
2010-04-08,8065.8474481888115,blue
2010-04-09,8068.051473261323,blue
2010-04-12,8074.663548479322,blue
2010-04-13,8076.867573551834,blue
2010-04-14,8079.071598624578,blue
2010-04-15,8081.275623697089,blue
2010-04-16,8083.479648769833,blue
2010-04-19,8090.091723987833,blue
2010-04-20,8092.295749060344,blue
2010-04-21,8094.499774133088,blue
2010-04-22,8096.703799205599,blue
2010-04-23,8098.9078242783435,blue
2010-04-26,8105.51989949611,blue
2010-04-27,8107.723924568854,blue
2010-04-28,8109.927949641366,blue
2010-04-29,8112.13197471411,blue
2010-04-30,8114.335999786621,blue
2010-05-03,8120.9480750046205,blue
2010-05-04,8123.152100077365,blue
2010-05-05,8125.356125149876,blue
2010-05-06,8127.56015022262,blue
2010-05-07,8129.764175295131,blue
2010-05-10,8136.376250513131,blue
2010-05-11,8138.580275585642,blue
2010-05-12,8140.784300658386,blue
2010-05-14,8145.192350803642,blue
2010-05-17,8151.804426021408,blue
2010-05-18,8154.008451094152,blue
2010-05-19,8156.212476166664,blue
2010-05-20,8158.416501239408,blue
2010-05-21,8160.620526312152,blue
2010-05-24,8167.232601529919,blue
2010-05-25,8169.436626602663,blue
2010-05-26,8171.640651675174,blue
2010-05-27,8173.844676747918,blue
2010-05-31,8182.660777038429,blue
2010-06-01,8184.86480211094,blue
2010-06-02,8187.068827183684,blue
2010-06-03,8189.272852256196,blue
2010-06-04,8191.47687732894,blue
2010-06-07,8198.08895254694,blue
2010-06-08,8200.29297761945,blue
2010-06-09,8202.497002692195,blue
2010-06-10,8204.701027764706,blue
2010-06-11,8206.90505283745,blue
2010-06-14,8213.517128055217,blue
2010-06-15,8215.72115312796,blue
2010-06-16,8217.925178200472,blue
2010-06-17,8220.129203273216,blue
2010-06-18,8222.333228345728,blue
2010-06-21,8228.945303563727,blue
2010-06-22,8231.149328636471,blue
2010-06-23,8233.353353708982,blue
2010-06-24,8235.557378781727,blue
2010-06-25,8237.761403854238,blue
2010-06-28,8244.373479072237,blue
2010-06-29,8246.577504144749,blue
2010-06-30,8248.781529217493,blue
2010-07-01,8250.985554290004,blue
2010-07-02,8253.189579362748,blue
2010-07-05,8259.801654580515,blue
2010-07-06,8262.005679653259,blue
2010-07-07,8264.20970472577,blue
2010-07-08,8266.413729798514,blue
2010-07-09,8268.617754871259,blue
2010-07-12,8275.229830089025,blue
2010-07-13,8277.43385516177,blue
2010-07-14,8279.63788023428,blue
2010-07-15,8281.841905307025,blue
2010-07-16,8284.045930379536,blue
2010-07-19,8290.658005597536,blue
2010-07-20,8292.862030670047,blue
2010-07-21,8295.066055742791,blue
2010-07-22,8297.270080815302,blue
2010-07-23,8299.474105888046,blue
2010-07-26,8306.086181106046,blue
2010-07-27,8308.290206178557,blue
2010-07-28,8310.494231251301,blue
2010-07-29,8312.698256323813,blue
2010-07-30,8314.902281396557,blue
2010-08-02,8321.514356614323,blue
2010-08-03,8323.718381687067,blue
2010-08-04,8325.922406759579,blue
2010-08-05,8328.126431832323,blue
2010-08-06,8330.330456904834,blue
2010-08-09,8336.942532122834,blue
2010-08-10,8339.146557195578,blue
2010-08-11,8341.350582268089,blue
2010-08-12,8343.554607340833,blue
2010-08-13,8345.758632413344,blue
2010-08-16,8352.370707631344,blue
2010-08-18,8356.7787577766,blue
2010-08-19,8358.98278284911,blue
2010-08-20,8361.186807921855,blue
2010-08-23,8367.798883139621,blue
2010-08-24,8370.002908212366,blue
2010-08-25,8372.206933284877,blue
2010-08-26,8374.410958357621,blue
2010-08-27,8376.614983430365,blue
2010-08-30,8383.227058648132,blue
2010-08-31,8385.431083720876,blue
2010-09-01,8387.635108793387,blue
2010-09-02,8389.839133866131,blue
2010-09-03,8392.043158938643,blue
2010-09-06,8398.655234156642,blue
2010-09-07,8400.859259229153,blue
2010-09-15,8418.491459810408,blue
2010-09-16,8420.69548488292,blue
2010-09-17,8422.899509955663,blue
2010-09-20,8429.51158517343,blue
2010-09-21,8431.715610246174,blue
2010-09-22,8433.919635318685,blue
2010-09-23,8436.12366039143,blue
2010-09-24,8438.32768546394,blue
2010-09-27,8444.93976068194,blue
2010-09-28,8447.143785754684,blue
2010-09-29,8449.347810827196,blue
2010-09-30,8451.55183589994,blue
2010-10-01,8453.755860972451,blue
2010-10-04,8460.36793619045,blue
2010-10-05,8462.571961262962,blue
2010-10-06,8464.775986335706,blue
2010-10-07,8466.980011408217,blue
2010-10-08,8469.184036480961,blue
2010-10-11,8475.796111698728,blue
2010-10-12,8478.000136771472,blue
2010-10-13,8480.204161843983,blue
2010-10-14,8482.408186916728,blue
2010-10-15,8484.612211989472,blue
2010-10-18,8491.224287207238,blue
2010-10-19,8493.428312279982,blue
2010-10-20,8495.632337352494,blue
2010-10-21,8497.836362425238,blue
2010-10-22,8500.04038749775,blue
2010-10-25,8506.652462715749,blue
2010-10-26,8508.85648778826,blue
2010-10-27,8511.060512861004,blue
2010-10-28,8513.264537933515,blue
2010-10-29,8515.46856300626,blue
2010-11-01,8522.080638224259,blue
2010-11-02,8524.28466329677,blue
2010-11-03,8526.488688369514,blue
2010-11-04,8528.692713442026,blue
2010-11-05,8530.89673851477,blue
2010-11-08,8537.508813732537,blue
2010-11-09,8539.71283880528,blue
2010-11-10,8541.916863877792,blue
2010-11-11,8544.120888950536,blue
2010-11-12,8546.324914023047,blue
2010-11-15,8552.936989241047,blue
2010-11-16,8555.141014313791,blue
2010-11-18,8559.549064459046,blue
2010-11-19,8561.753089531558,blue
2010-11-22,8568.365164749557,blue
2010-11-23,8570.569189822068,blue
2010-11-24,8572.773214894813,blue
2010-11-25,8574.977239967324,blue
2010-11-26,8577.181265040068,blue
2010-11-29,8583.793340257835,blue
2010-11-30,8585.997365330579,blue
2010-12-01,8588.20139040309,blue
2010-12-02,8590.405415475834,blue
2010-12-03,8592.609440548578,blue
2010-12-06,8599.221515766345,blue
2010-12-08,8603.6295659116,blue
2010-12-09,8605.833590984344,blue
2010-12-10,8608.037616056856,blue
2010-12-13,8614.649691274855,blue
2010-12-14,8616.853716347367,blue
2010-12-15,8619.05774142011,blue
2010-12-16,8621.261766492622,blue
2010-12-17,8623.465791565366,blue
2010-12-20,8630.077866783366,blue
2010-12-21,8632.281891855877,blue
2010-12-22,8634.485916928621,blue
2010-12-23,8636.689942001132,blue
2010-12-27,8645.506042291643,blue
2010-12-28,8647.710067364387,blue
2010-12-29,8649.914092436898,blue
2010-12-30,8652.118117509643,blue
2011-01-03,8660.934217800153,blue
2011-01-04,8663.138242872898,blue
2011-01-05,8665.342267945409,blue
2011-01-06,8667.546293018153,blue
2011-01-07,8669.750318090664,blue
2011-01-10,8676.362393308664,blue
2011-01-11,8678.566418381175,blue
2011-01-12,8680.77044345392,blue
2011-01-13,8682.97446852643,blue
2011-01-14,8685.178493599175,blue
2011-01-17,8691.790568816941,blue
2011-01-18,8693.994593889685,blue
2011-01-19,8696.198618962197,blue
2011-01-20,8698.40264403494,blue
2011-01-21,8700.606669107685,blue
2011-01-24,8707.218744325452,blue
2011-01-25,8709.422769398196,blue
2011-01-26,8711.626794470707,blue
2011-01-27,8713.830819543451,blue
2011-01-28,8716.034844615962,blue
2011-01-31,8722.646919833962,blue
2011-02-01,8724.850944906473,blue
2011-02-02,8727.054969979217,blue
2011-02-04,8731.463020124473,blue
2011-02-07,8738.075095342472,blue
2011-02-08,8740.279120414983,blue
2011-02-09,8742.483145487728,blue
2011-02-10,8744.687170560239,blue
2011-02-11,8746.891195632983,blue
2011-02-14,8753.50327085075,blue
2011-02-16,8757.911320996005,blue
2011-02-17,8760.11534606875,blue
2011-02-18,8762.31937114126,blue
2011-02-21,8768.93144635926,blue
2011-02-22,8771.135471432004,blue
2011-02-23,8773.339496504515,blue
2011-02-24,8775.54352157726,blue
2011-02-25,8777.74754664977,blue
2011-02-28,8784.35962186777,blue
2011-03-01,8786.563646940282,blue
2011-03-02,8788.767672013026,blue
2011-03-03,8790.971697085537,blue
2011-03-04,8793.175722158281,blue
2011-03-07,8799.787797376048,blue
2011-03-08,8801.991822448792,blue
2011-03-09,8804.195847521303,blue
2011-03-10,8806.399872594047,blue
2011-03-11,8808.603897666791,blue
2011-03-14,8815.215972884558,blue
2011-03-15,8817.419997957302,blue
2011-03-16,8819.624023029814,blue
2011-03-17,8821.828048102558,blue
2011-03-18,8824.032073175069,blue
2011-03-21,8830.644148393068,blue
2011-03-22,8832.84817346558,blue
2011-03-23,8835.052198538324,blue
2011-03-24,8837.256223610835,blue
2011-03-25,8839.46024868358,blue
2011-03-28,8846.072323901579,blue
2011-03-29,8848.27634897409,blue
2011-03-30,8850.480374046834,blue
2011-03-31,8852.684399119345,blue
2011-04-01,8854.88842419209,blue
2011-04-04,8861.500499409856,blue
2011-04-05,8863.7045244826,blue
2011-04-06,8865.908549555112,blue
2011-04-07,8868.112574627856,blue
2011-04-08,8870.316599700367,blue
2011-04-11,8876.928674918367,blue
2011-04-12,8879.13269999111,blue
2011-04-13,8881.336725063622,blue
2011-04-14,8883.540750136366,blue
2011-04-15,8885.744775208877,blue
2011-04-18,8892.356850426877,blue
2011-04-19,8894.560875499388,blue
2011-04-20,8896.764900572132,blue
2011-04-21,8898.968925644644,blue
2011-04-25,8907.785025935154,blue
2011-04-26,8909.989051007899,blue
2011-04-27,8912.19307608041,blue
2011-04-28,8914.397101153154,blue
2011-04-29,8916.601126225898,blue
2011-05-02,8923.213201443665,blue
2011-05-03,8925.417226516409,blue
2011-05-04,8927.62125158892,blue
2011-05-05,8929.825276661664,blue
2011-05-06,8932.029301734176,blue
2011-05-09,8938.641376952175,blue
2011-05-10,8940.845402024686,blue
2011-05-11,8943.04942709743,blue
2011-05-12,8945.253452169942,blue
2011-05-13,8947.457477242686,blue
2011-05-16,8954.069552460685,blue
2011-05-18,8958.47760260594,blue
2011-05-19,8960.681627678452,blue
2011-05-20,8962.885652751196,blue
2011-05-23,8969.497727968963,blue
2011-05-24,8971.701753041707,blue
2011-05-25,8973.905778114218,blue
2011-05-26,8976.109803186962,blue
2011-05-27,8978.313828259474,blue
2011-05-30,8984.925903477473,blue
2011-05-31,8987.129928550217,blue
2011-06-01,8989.333953622729,blue
2011-06-03,8993.742003767984,blue
2011-06-06,9000.354078985984,blue
2011-06-07,9002.558104058495,blue
2011-06-08,9004.762129131239,blue
2011-06-09,9006.96615420375,blue
2011-06-10,9009.170179276494,blue
2011-06-13,9015.782254494261,blue
2011-06-14,9017.986279567005,blue
2011-06-15,9020.190304639516,blue
2011-06-16,9022.39432971226,blue
2011-06-17,9024.598354785005,blue
2011-06-20,9031.210430002771,blue
2011-06-21,9033.414455075515,blue
2011-06-22,9035.618480148027,blue
2011-06-23,9037.82250522077,blue
2011-06-24,9040.026530293282,blue
2011-06-27,9046.638605511282,blue
2011-06-28,9048.842630583793,blue
2011-06-30,9053.250680729048,blue
2011-07-01,9055.454705801792,blue
2011-07-05,9064.270806092303,blue
2011-07-06,9066.474831165047,blue
2011-07-07,9068.678856237559,blue
2011-07-08,9070.882881310303,blue
2011-07-11,9077.49495652807,blue
2011-07-12,9079.698981600814,blue
2011-07-13,9081.903006673325,blue
2011-07-14,9084.107031746069,blue
2011-07-15,9086.31105681858,blue
2011-07-18,9092.92313203658,blue
2011-07-19,9095.127157109324,blue
2011-07-20,9097.331182181835,blue
2011-07-21,9099.53520725458,blue
2011-07-22,9101.73923232709,blue
2011-07-25,9108.35130754509,blue
2011-07-26,9110.555332617601,blue
2011-07-27,9112.759357690345,blue
2011-07-28,9114.963382762857,blue
2011-07-29,9117.1674078356,blue
2011-08-01,9123.779483053368,blue
2011-08-02,9125.983508126112,blue
2011-08-03,9128.187533198623,blue
2011-08-04,9130.391558271367,blue
2011-08-05,9132.595583344111,blue
2011-08-08,9139.207658561878,blue
2011-08-09,9141.411683634622,blue
2011-08-10,9143.615708707133,blue
2011-08-11,9145.819733779877,blue
2011-08-12,9148.023758852389,blue
2011-08-15,9154.635834070388,blue
2011-08-16,9156.8398591429,blue
2011-08-18,9161.247909288155,blue
2011-08-19,9163.451934360899,blue
2011-08-22,9170.064009578899,blue
2011-08-23,9172.26803465141,blue
2011-08-24,9174.472059724154,blue
2011-08-25,9176.676084796665,blue
2011-08-26,9178.88010986941,blue
2011-09-05,9200.920360595686,blue
2011-09-06,9203.12438566843,blue
2011-09-07,9205.328410740942,blue
2011-09-08,9207.532435813686,blue
2011-09-09,9209.736460886197,blue
2011-09-12,9216.348536104197,blue
2011-09-13,9218.552561176708,blue
2011-09-14,9220.756586249452,blue
2011-09-15,9222.960611321963,blue
2011-09-16,9225.164636394707,blue
2011-09-19,9231.776711612474,blue
2011-09-20,9233.980736685218,blue
2011-09-21,9236.18476175773,blue
2011-09-22,9238.388786830474,blue
2011-09-23,9240.592811903218,blue
2011-09-26,9247.204887120984,blue
2011-09-27,9249.408912193729,blue
2011-09-28,9251.61293726624,blue
2011-09-29,9253.816962338984,blue
2011-09-30,9256.020987411495,blue
2011-10-03,9262.633062629495,blue
2011-10-04,9264.837087702006,blue
2011-10-05,9267.04111277475,blue
2011-10-06,9269.245137847262,blue
2011-10-07,9271.449162920006,blue
2011-10-10,9278.061238138005,blue
2011-10-11,9280.265263210516,blue
2011-10-12,9282.46928828326,blue
2011-10-13,9284.673313355772,blue
2011-10-14,9286.877338428516,blue
2011-10-17,9293.489413646283,blue
2011-10-18,9295.693438719027,blue
2011-10-19,9297.897463791538,blue
2011-10-20,9300.101488864282,blue
2011-10-21,9302.305513936793,blue
2011-10-24,9308.917589154793,blue
2011-10-25,9311.121614227537,blue
2011-10-26,9313.325639300048,blue
2011-10-27,9315.529664372792,blue
2011-10-28,9317.733689445304,blue
2011-10-31,9324.345764663303,blue
2011-11-01,9326.549789735815,blue
2011-11-02,9328.753814808559,blue
2011-11-03,9330.95783988107,blue
2011-11-04,9333.161864953814,blue
2011-11-07,9339.77394017158,blue
2011-11-08,9341.977965244325,blue
2011-11-09,9344.181990316836,blue
2011-11-10,9346.38601538958,blue
2011-11-11,9348.590040462324,blue
2011-11-14,9355.202115680091,blue
2011-11-15,9357.406140752835,blue
2011-11-16,9359.610165825346,blue
2011-11-17,9361.81419089809,blue
2011-11-18,9364.018215970602,blue
2011-11-21,9370.630291188601,blue
2011-11-22,9372.834316261113,blue
2011-11-23,9375.038341333857,blue
2011-11-24,9377.242366406368,blue
2011-11-25,9379.446391479112,blue
2011-11-28,9386.058466697112,blue
2011-11-29,9388.262491769623,blue
2011-11-30,9390.466516842367,blue
2011-12-01,9392.670541914878,blue
2011-12-02,9394.874566987623,blue
2011-12-05,9401.48664220539,blue
2011-12-06,9403.690667278133,blue
2011-12-07,9405.894692350645,blue
2011-12-08,9408.098717423389,blue
2011-12-09,9410.3027424959,blue
2011-12-12,9416.9148177139,blue
2011-12-13,9419.118842786644,blue
2011-12-14,9421.322867859155,blue
2011-12-15,9423.526892931899,blue
2011-12-16,9425.73091800441,blue
2011-12-19,9432.34299322241,blue
2011-12-20,9434.547018294921,blue
2011-12-21,9436.751043367665,blue
2011-12-22,9438.955068440177,blue
2011-12-23,9441.15909351292,blue
2011-12-27,9449.975193803431,blue
2011-12-28,9452.179218875943,blue
2011-12-29,9454.383243948687,blue
2011-12-30,9456.587269021431,blue
2012-01-02,9463.199344239198,blue
2012-01-03,9465.403369311942,blue
2012-01-04,9467.607394384453,blue
2012-01-05,9469.811419457197,blue
2012-01-06,9472.015444529708,blue
2012-01-09,9478.627519747708,blue
2012-01-10,9480.83154482022,blue
2012-01-11,9483.035569892963,blue
2012-01-12,9485.239594965475,blue
2012-01-13,9487.443620038219,blue
2012-01-16,9494.055695256218,blue
2012-01-17,9496.25972032873,blue
2012-01-18,9498.463745401474,blue
2012-01-19,9500.667770473985,blue
2012-01-20,9502.87179554673,blue
2012-01-24,9511.68789583724,blue
2012-01-25,9513.891920909751,blue
2012-01-26,9516.095945982495,blue
2012-01-27,9518.299971055007,blue
2012-01-30,9524.912046273006,blue
2012-01-31,9527.11607134575,blue
2012-02-01,9529.320096418262,blue
2012-02-02,9531.524121491006,blue
2012-02-03,9533.728146563517,blue
2012-02-06,9540.340221781516,blue
2012-02-07,9542.544246854028,blue
2012-02-08,9544.748271926772,blue
2012-02-09,9546.952296999283,blue
2012-02-10,9549.156322072027,blue
2012-02-13,9555.768397289794,blue
2012-02-14,9557.972422362538,blue
2012-02-15,9560.17644743505,blue
2012-02-16,9562.380472507793,blue
2012-02-17,9564.584497580538,blue
2012-02-20,9571.196572798304,blue
2012-02-21,9573.400597871048,blue
2012-02-22,9575.60462294356,blue
2012-02-23,9577.808648016304,blue
2012-02-24,9580.012673088815,blue
2012-02-27,9586.624748306815,blue
2012-02-28,9588.828773379326,blue
2012-02-29,9591.03279845207,blue
2012-03-01,9593.236823524581,blue
2012-03-02,9595.440848597325,blue
2012-03-05,9602.052923815325,blue
2012-03-06,9604.256948887836,blue
2012-03-07,9606.46097396058,blue
2012-03-08,9608.664999033092,blue
2012-03-09,9610.869024105836,blue
2012-03-12,9617.481099323602,blue
2012-03-13,9619.685124396347,blue
2012-03-14,9621.889149468858,blue
2012-03-15,9624.093174541602,blue
2012-03-16,9626.297199614113,blue
2012-03-19,9632.909274832113,blue
2012-03-20,9635.113299904857,blue
2012-03-21,9637.317324977368,blue
2012-03-22,9639.521350050112,blue
2012-03-26,9648.337450340623,blue
2012-03-27,9650.541475413134,blue
2012-03-28,9652.745500485878,blue
2012-03-29,9654.94952555839,blue
2012-03-30,9657.153550631134,blue
2012-04-02,9663.7656258489,blue
2012-04-03,9665.969650921645,blue
2012-04-04,9668.173675994156,blue
2012-04-05,9670.3777010669,blue
2012-04-09,9679.19380135741,blue
2012-04-10,9681.397826430155,blue
2012-04-11,9683.601851502666,blue
2012-04-12,9685.80587657541,blue
2012-04-13,9688.009901647922,blue
2012-04-16,9694.621976865921,blue
2012-04-17,9696.826001938432,blue
2012-04-18,9699.030027011177,blue
2012-04-19,9701.234052083688,blue
2012-04-20,9703.438077156432,blue
2012-04-23,9710.050152374431,blue
2012-04-24,9712.254177446943,blue
2012-04-25,9714.458202519687,blue
2012-04-26,9716.662227592198,blue
2012-04-27,9718.866252664942,blue
2012-04-30,9725.478327882709,blue
2012-05-01,9727.682352955453,blue
2012-05-02,9729.886378027964,blue
2012-05-03,9732.090403100708,blue
2012-05-04,9734.29442817322,blue
2012-05-07,9740.90650339122,blue
2012-05-08,9743.110528463963,blue
2012-05-09,9745.314553536475,blue
2012-05-10,9747.518578609219,blue
2012-05-11,9749.72260368173,blue
2012-05-14,9756.33467889973,blue
2012-05-15,9758.538703972241,blue
2012-05-16,9760.742729044985,blue
2012-05-21,9771.762854408007,blue
2012-05-22,9773.966879480751,blue
2012-05-23,9776.170904553263,blue
2012-05-24,9778.374929626007,blue
2012-05-25,9780.57895469875,blue
2012-05-28,9787.191029916517,blue
2012-05-29,9789.395054989262,blue
2012-05-30,9791.599080061773,blue
2012-05-31,9793.803105134517,blue
2012-06-01,9796.007130207028,blue
2012-06-04,9802.619205425028,blue
2012-06-05,9804.823230497539,blue
2012-06-06,9807.027255570283,blue
2012-06-07,9809.231280642794,blue
2012-06-08,9811.435305715539,blue
2012-06-11,9818.047380933538,blue
2012-06-12,9820.25140600605,blue
2012-06-13,9822.455431078793,blue
2012-06-14,9824.659456151305,blue
2012-06-15,9826.863481224049,blue
2012-06-18,9833.475556441816,blue
2012-06-19,9835.67958151456,blue
2012-06-20,9837.883606587071,blue
2012-06-21,9840.087631659815,blue
2012-06-22,9842.291656732326,blue
2012-06-25,9848.903731950326,blue
2012-06-26,9851.10775702307,blue
2012-06-27,9853.311782095581,blue
2012-06-28,9855.515807168325,blue
2012-06-29,9857.719832240837,blue
2012-07-02,9864.331907458836,blue
2012-07-03,9866.535932531347,blue
2012-07-04,9868.739957604092,blue
2012-07-05,9870.943982676603,blue
2012-07-06,9873.148007749347,blue
2012-07-09,9879.760082967114,blue
2012-07-10,9881.964108039858,blue
2012-07-11,9884.16813311237,blue
2012-07-12,9886.372158185113,blue
2012-07-13,9888.576183257857,blue
2012-07-16,9895.188258475624,blue
2012-07-17,9897.392283548368,blue
2012-07-18,9899.59630862088,blue
2012-07-19,9901.800333693624,blue
2012-07-20,9904.004358766135,blue
2012-07-23,9910.616433984134,blue
2012-07-24,9912.820459056646,blue
2012-07-25,9915.02448412939,blue
2012-07-26,9917.228509201901,blue
2012-07-27,9919.432534274645,blue
2012-07-30,9926.044609492645,blue
2012-07-31,9928.248634565156,blue
2012-08-01,9930.4526596379,blue
2012-08-02,9932.656684710411,blue
2012-08-03,9934.860709783155,blue
2012-08-06,9941.472785000922,blue
2012-08-07,9943.676810073666,blue
2012-08-08,9945.880835146178,blue
2012-08-09,9948.084860218922,blue
2012-08-10,9950.288885291433,blue
2012-08-13,9956.900960509432,blue
2012-08-14,9959.104985582177,blue
2012-08-15,9961.309010654688,blue
2012-08-16,9963.513035727432,blue
2012-08-23,9978.94121123571,blue
2012-08-24,9981.145236308454,blue
2012-08-27,9987.75731152622,blue
2012-08-28,9989.961336598964,blue
2012-08-29,9992.165361671476,blue
2012-08-30,9994.36938674422,blue
2012-08-31,9996.573411816964,blue
2012-09-03,10003.18548703473,blue
2012-09-04,10005.389512107475,blue
2012-09-05,10007.593537179986,blue
2012-09-06,10009.79756225273,blue
2012-09-07,10012.001587325241,blue
2012-09-10,10018.613662543241,blue
2012-09-11,10020.817687615752,blue
2012-09-12,10023.021712688496,blue
2012-09-13,10025.225737761008,blue
2012-09-14,10027.429762833752,blue
2012-09-17,10034.041838051751,blue
2012-09-18,10036.245863124263,blue
2012-09-19,10038.449888197007,blue
2012-09-20,10040.653913269518,blue
2012-09-21,10042.857938342262,blue
2012-09-24,10049.470013560029,blue
2012-09-25,10051.674038632773,blue
2012-09-26,10053.878063705284,blue
2012-09-27,10056.082088778028,blue
2012-09-28,10058.28611385054,blue
2012-10-01,10064.898189068539,blue
2012-10-02,10067.102214141283,blue
2012-10-03,10069.306239213794,blue
2012-10-04,10071.510264286539,blue
2012-10-05,10073.71428935905,blue
2012-10-08,10080.32636457705,blue
2012-10-09,10082.53038964956,blue
2012-10-10,10084.734414722305,blue
2012-10-11,10086.938439794816,blue
2012-10-12,10089.14246486756,blue
2012-10-15,10095.754540085327,blue
2012-10-16,10097.958565158071,blue
2012-10-17,10100.162590230582,blue
2012-10-18,10102.366615303326,blue
2012-10-19,10104.57064037607,blue
2012-10-22,10111.182715593837,blue
2012-10-23,10113.386740666581,blue
2012-10-24,10115.590765739093,blue
2012-10-25,10117.794790811837,blue
2012-10-29,10126.610891102348,blue
2012-10-30,10128.814916174859,blue
2012-10-31,10131.018941247603,blue
2012-11-01,10133.222966320114,blue
2012-11-02,10135.426991392858,blue
2012-11-05,10142.039066610858,blue
2012-11-06,10144.24309168337,blue
2012-11-07,10146.447116756113,blue
2012-11-08,10148.651141828625,blue
2012-11-09,10150.855166901369,blue
2012-11-12,10157.467242119135,blue
2012-11-13,10159.67126719188,blue
2012-11-14,10161.87529226439,blue
2012-11-19,10172.895417627646,blue
2012-11-20,10175.09944270039,blue
2012-11-21,10177.303467772901,blue
2012-11-22,10179.507492845645,blue
2012-11-23,10181.711517918156,blue
2012-11-26,10188.323593136156,blue
2012-11-27,10190.527618208667,blue
2012-11-28,10192.731643281411,blue
2012-11-29,10194.935668353923,blue
2012-11-30,10197.139693426667,blue
2012-12-03,10203.751768644433,blue
2012-12-04,10205.955793717178,blue
2012-12-05,10208.159818789689,blue
2012-12-06,10210.363843862433,blue
2012-12-07,10212.567868935177,blue
2012-12-10,10219.179944152944,blue
2012-12-11,10221.383969225688,blue
2012-12-12,10223.5879942982,blue
2012-12-13,10225.792019370943,blue
2012-12-14,10227.996044443455,blue
2012-12-17,10234.608119661454,blue
2012-12-18,10236.812144733965,blue
2012-12-19,10239.01616980671,blue
2012-12-20,10241.22019487922,blue
2012-12-21,10243.424219951965,blue
2012-12-26,10254.44434531522,blue
2012-12-27,10256.648370387731,blue
2012-12-28,10258.852395460475,blue
2013-01-02,10269.872520823497,blue
2013-01-03,10272.076545896241,blue
2013-01-04,10274.280570968753,blue
2013-01-07,10280.892646186752,blue
2013-01-08,10283.096671259496,blue
2013-01-09,10285.300696332008,blue
2013-01-10,10287.504721404752,blue
2013-01-11,10289.708746477263,blue
2013-01-14,10296.320821695263,blue
2013-01-15,10298.524846767774,blue
2013-01-16,10300.728871840518,blue
2013-01-17,10302.93289691303,blue
2013-01-18,10305.136921985773,blue
2013-01-21,10311.74899720354,blue
2013-01-22,10313.953022276284,blue
2013-01-23,10316.157047348795,blue
2013-01-25,10320.565097494284,blue
2013-01-28,10327.17717271205,blue
2013-01-29,10329.381197784794,blue
2013-01-30,10331.585222857306,blue
2013-01-31,10333.78924793005,blue
2013-02-01,10335.993273002561,blue
2013-02-04,10342.60534822056,blue
2013-02-05,10344.809373293072,blue
2013-02-06,10347.013398365816,blue
2013-02-07,10349.217423438327,blue
2013-02-08,10351.421448511072,blue
2013-02-11,10358.033523729071,blue
2013-02-12,10360.237548801582,blue
2013-02-13,10362.441573874326,blue
2013-02-14,10364.645598946838,blue
2013-02-15,10366.849624019582,blue
2013-02-18,10373.461699237349,blue
2013-02-19,10375.665724310093,blue
2013-02-20,10377.869749382604,blue
2013-02-21,10380.073774455348,blue
2013-02-22,10382.27779952786,blue
2013-02-25,10388.889874745859,blue
2013-02-26,10391.093899818603,blue
2013-02-27,10393.297924891114,blue
2013-02-28,10395.501949963858,blue
2013-03-01,10397.70597503637,blue
2013-03-04,10404.31805025437,blue
2013-03-05,10406.52207532688,blue
2013-03-06,10408.726100399625,blue
2013-03-07,10410.930125472136,blue
2013-03-08,10413.13415054488,blue
2013-03-11,10419.746225762647,blue
2013-03-13,10424.154275907902,blue
2013-03-14,10426.358300980646,blue
2013-03-15,10428.56232605339,blue
2013-03-18,10435.174401271157,blue
2013-03-19,10437.378426343901,blue
2013-03-20,10439.582451416412,blue
2013-03-21,10441.786476489156,blue
2013-03-22,10443.990501561668,blue
2013-03-25,10450.602576779667,blue
2013-03-26,10452.806601852179,blue
2013-03-27,10455.010626924923,blue
2013-03-28,10457.214651997434,blue
2013-04-01,10466.030752288178,blue
2013-04-02,10468.234777360689,blue
2013-04-03,10470.438802433433,blue
2013-04-04,10472.642827505944,blue
2013-04-05,10474.846852578688,blue
2013-04-08,10481.458927796455,blue
2013-04-09,10483.6629528692,blue
2013-04-10,10485.86697794171,blue
2013-04-11,10488.071003014455,blue
2013-04-12,10490.275028086966,blue
2013-04-15,10496.887103304965,blue
2013-04-16,10499.09112837771,blue
2013-04-17,10501.29515345022,blue
2013-04-18,10503.499178522965,blue
2013-04-19,10505.703203595476,blue
2013-04-22,10512.315278813476,blue
2013-04-23,10514.519303885987,blue
2013-04-24,10516.723328958731,blue
2013-04-25,10518.927354031242,blue
2013-04-26,10521.131379103987,blue
2013-04-29,10527.743454321753,blue
2013-04-30,10529.947479394497,blue
2013-05-01,10532.151504467009,blue
2013-05-02,10534.355529539753,blue
2013-05-03,10536.559554612497,blue
2013-05-06,10543.171629830264,blue
2013-05-07,10545.375654903008,blue
2013-05-08,10547.579679975519,blue
2013-05-10,10551.987730120774,blue
2013-05-13,10558.599805338774,blue
2013-05-14,10560.803830411285,blue
2013-05-15,10563.00785548403,blue
2013-05-16,10565.21188055654,blue
2013-05-17,10567.415905629285,blue
2013-05-20,10574.027980847284,blue
2013-05-21,10576.232005919795,blue
2013-05-22,10578.43603099254,blue
2013-05-23,10580.64005606505,blue
2013-05-24,10582.844081137795,blue
2013-05-27,10589.456156355562,blue
2013-05-28,10591.660181428306,blue
2013-05-29,10593.864206500817,blue
2013-05-30,10596.068231573561,blue
2013-05-31,10598.272256646072,blue
2013-06-03,10604.884331864072,blue
2013-06-04,10607.088356936816,blue
2013-06-05,10609.292382009327,blue
2013-06-07,10613.700432154583,blue
2013-06-10,10620.312507372582,blue
2013-06-11,10622.516532445094,blue
2013-06-12,10624.720557517838,blue
2013-06-13,10626.924582590349,blue
2013-06-14,10629.128607663093,blue
2013-06-17,10635.74068288086,blue
2013-06-18,10637.944707953604,blue
2013-06-19,10640.148733026115,blue
2013-06-20,10642.35275809886,blue
2013-06-21,10644.556783171603,blue
2013-06-24,10651.16885838937,blue
2013-06-25,10653.372883462114,blue
2013-06-26,10655.576908534626,blue
2013-06-27,10657.78093360737,blue
2013-06-28,10659.984958679881,blue
2013-07-01,10666.59703389788,blue
2013-07-02,10668.801058970392,blue
2013-07-03,10671.005084043136,blue
2013-07-04,10673.209109115647,blue
2013-07-05,10675.413134188391,blue
2013-07-08,10682.02520940639,blue
2013-07-09,10684.229234478902,blue
2013-07-10,10686.433259551646,blue
2013-07-11,10688.637284624157,blue
2013-07-12,10690.841309696902,blue
2013-07-15,10697.453384914668,blue
2013-07-16,10699.657409987412,blue
2013-07-17,10701.861435059924,blue
2013-07-18,10704.065460132668,blue
2013-07-19,10706.269485205179,blue
2013-07-22,10712.881560423179,blue
2013-07-23,10715.085585495923,blue
2013-07-24,10717.289610568434,blue
2013-07-25,10719.493635641178,blue
2013-07-26,10721.69766071369,blue
2013-07-29,10728.309735931689,blue
2013-07-30,10730.5137610042,blue
2013-07-31,10732.717786076944,blue
2013-08-01,10734.921811149456,blue
2013-08-02,10737.1258362222,blue
2013-08-12,10759.166086948477,blue
2013-08-13,10761.37011202122,blue
2013-08-14,10763.574137093732,blue
2013-08-15,10765.778162166476,blue
2013-08-16,10767.982187238988,blue
2013-08-19,10774.594262456987,blue
2013-08-20,10776.798287529498,blue
2013-08-21,10779.002312602242,blue
2013-08-22,10781.206337674754,blue
2013-08-23,10783.410362747498,blue
2013-08-26,10790.022437965497,blue
2013-08-27,10792.226463038009,blue
2013-08-28,10794.430488110753,blue
2013-08-29,10796.634513183264,blue
2013-08-30,10798.838538256008,blue
2013-09-02,10805.450613473775,blue
2013-09-03,10807.654638546519,blue
2013-09-04,10809.85866361903,blue
2013-09-05,10812.062688691774,blue
2013-09-06,10814.266713764286,blue
2013-09-09,10820.878788982285,blue
2013-09-10,10823.08281405503,blue
2013-09-11,10825.28683912754,blue
2013-09-12,10827.490864200285,blue
2013-09-13,10829.694889272796,blue
2013-09-16,10836.306964490796,blue
2013-09-17,10838.510989563307,blue
2013-09-18,10840.715014636051,blue
2013-09-19,10842.919039708562,blue
2013-09-20,10845.123064781306,blue
2013-09-23,10851.735139999073,blue
2013-09-24,10853.939165071817,blue
2013-09-25,10856.143190144328,blue
2013-09-26,10858.347215217073,blue
2013-09-27,10860.551240289817,blue
2013-09-30,10867.163315507583,blue
2013-10-01,10869.367340580327,blue
2013-10-02,10871.571365652839,blue
2013-10-03,10873.775390725583,blue
2013-10-04,10875.979415798094,blue
2013-10-07,10882.591491016094,blue
2013-10-08,10884.795516088605,blue
2013-10-09,10886.999541161349,blue
2013-10-10,10889.20356623386,blue
2013-10-11,10891.407591306604,blue
2013-10-16,10902.42771666986,blue
2013-10-17,10904.63174174237,blue
2013-10-18,10906.835766815115,blue
2013-10-21,10913.447842032881,blue
2013-10-22,10915.651867105626,blue
2013-10-23,10917.855892178137,blue
2013-10-24,10920.059917250881,blue
2013-10-25,10922.263942323392,blue
2013-10-28,10928.876017541392,blue
2013-10-29,10931.080042614136,blue
2013-10-30,10933.284067686647,blue
2013-10-31,10935.488092759391,blue
2013-11-01,10937.692117831903,blue
2013-11-04,10944.304193049902,blue
2013-11-06,10948.712243195157,blue
2013-11-07,10950.916268267669,blue
2013-11-08,10953.120293340413,blue
2013-11-11,10959.73236855818,blue
2013-11-12,10961.936393630924,blue
2013-11-13,10964.140418703435,blue
2013-11-14,10966.34444377618,blue
2013-11-15,10968.548468848923,blue
2013-11-18,10975.16054406669,blue
2013-11-19,10977.364569139434,blue
2013-11-20,10979.568594211945,blue
2013-11-21,10981.77261928469,blue
2013-11-22,10983.9766443572,blue
2013-11-25,10990.5887195752,blue
2013-11-26,10992.792744647712,blue
2013-11-27,10994.996769720456,blue
2013-11-28,10997.200794792967,blue
2013-11-29,10999.404819865711,blue
2013-12-02,11006.01689508371,blue
2013-12-03,11008.220920156222,blue
2013-12-04,11010.424945228966,blue
2013-12-05,11012.628970301477,blue
2013-12-06,11014.832995374221,blue
2013-12-09,11021.445070591988,blue
2013-12-10,11023.649095664732,blue
2013-12-11,11025.853120737243,blue
2013-12-12,11028.057145809988,blue
2013-12-13,11030.261170882499,blue
2013-12-16,11036.873246100498,blue
2013-12-17,11039.077271173242,blue
2013-12-18,11041.281296245754,blue
2013-12-19,11043.485321318498,blue
2013-12-20,11045.68934639101,blue
2013-12-23,11052.301421609009,blue
2013-12-24,11054.50544668152,blue
2013-12-27,11061.11752189952,blue
2013-12-30,11067.729597117286,blue
2014-01-02,11074.341672335286,blue
2014-01-03,11076.54569740803,blue
2014-01-06,11083.157772625796,blue
2014-01-07,11085.36179769854,blue
2014-01-08,11087.565822771052,blue
2014-01-09,11089.769847843796,blue
2014-01-10,11091.973872916307,blue
2014-01-13,11098.585948134307,blue
2014-01-15,11102.993998279562,blue
2014-01-16,11105.198023352074,blue
2014-01-17,11107.402048424818,blue
2014-01-20,11114.014123642817,blue
2014-01-21,11116.218148715328,blue
2014-01-22,11118.422173788073,blue
2014-01-23,11120.626198860584,blue
2014-01-24,11122.830223933328,blue
2014-01-27,11129.442299151095,blue
2014-01-28,11131.646324223839,blue
2014-01-29,11133.85034929635,blue
2014-01-30,11136.054374369094,blue
2014-02-03,11144.870474659605,blue
2014-02-04,11147.074499732349,blue
2014-02-05,11149.27852480486,blue
2014-02-06,11151.482549877604,blue
2014-02-07,11153.686574950116,blue
2014-02-10,11160.298650168115,blue
2014-02-11,11162.502675240627,blue
2014-02-12,11164.70670031337,blue
2014-02-13,11166.910725385882,blue
2014-02-14,11169.114750458626,blue
2014-02-17,11175.726825676393,blue
2014-02-18,11177.930850749137,blue
2014-02-19,11180.134875821648,blue
2014-02-20,11182.338900894392,blue
2014-02-21,11184.542925967136,blue
2014-02-24,11191.155001184903,blue
2014-02-25,11193.359026257647,blue
2014-02-26,11195.563051330158,blue
2014-02-27,11197.767076402903,blue
2014-02-28,11199.971101475414,blue
2014-03-03,11206.583176693413,blue
2014-03-04,11208.787201765925,blue
2014-03-05,11210.991226838669,blue
2014-03-06,11213.19525191118,blue
2014-03-07,11215.399276983924,blue
2014-03-10,11222.011352201924,blue
2014-03-11,11224.215377274435,blue
2014-03-12,11226.41940234718,blue
2014-03-13,11228.62342741969,blue
2014-03-14,11230.827452492435,blue
2014-03-17,11237.439527710201,blue
2014-03-18,11239.643552782945,blue
2014-03-19,11241.847577855457,blue
2014-03-20,11244.0516029282,blue
2014-03-21,11246.255628000712,blue
2014-03-24,11252.867703218712,blue
2014-03-25,11255.071728291456,blue
2014-03-26,11257.275753363967,blue
2014-03-27,11259.479778436711,blue
2014-03-28,11261.683803509222,blue
2014-04-01,11270.499903799733,blue
2014-04-02,11272.703928872477,blue
2014-04-03,11274.907953944989,blue
2014-04-04,11277.111979017733,blue
2014-04-07,11283.7240542355,blue
2014-04-08,11285.928079308243,blue
2014-04-09,11288.132104380755,blue
2014-04-10,11290.336129453499,blue
2014-04-11,11292.540154526243,blue
2014-04-14,11299.15222974401,blue
2014-04-15,11301.356254816754,blue
2014-04-16,11303.560279889265,blue
2014-04-17,11305.76430496201,blue
2014-04-21,11314.58040525252,blue
2014-04-22,11316.784430325031,blue
2014-04-23,11318.988455397775,blue
2014-04-24,11321.192480470287,blue
2014-04-25,11323.39650554303,blue
2014-04-28,11330.00858076103,blue
2014-04-29,11332.212605833542,blue
2014-04-30,11334.416630906286,blue
2014-05-02,11338.824681051541,blue
2014-05-05,11345.436756269308,blue
2014-05-06,11347.640781342052,blue
2014-05-07,11349.844806414563,blue
2014-05-08,11352.048831487307,blue
2014-05-09,11354.252856559819,blue
2014-05-12,11360.864931777818,blue
2014-05-13,11363.068956850562,blue
2014-05-14,11365.272981923074,blue
2014-05-16,11369.681032068329,blue
2014-05-19,11376.293107286328,blue
2014-05-20,11378.49713235884,blue
2014-05-21,11380.701157431584,blue
2014-05-22,11382.905182504095,blue
2014-05-23,11385.10920757684,blue
2014-05-26,11391.721282794606,blue
2014-05-28,11396.129332939861,blue
2014-05-30,11400.53738308535,blue
2014-06-02,11407.149458303116,blue
2014-06-03,11409.35348337586,blue
2014-06-04,11411.557508448372,blue
2014-06-05,11413.761533521116,blue
2014-06-06,11415.965558593627,blue
2014-06-09,11422.577633811627,blue
2014-06-10,11424.781658884138,blue
2014-06-11,11426.985683956882,blue
2014-06-12,11429.189709029393,blue
2014-06-13,11431.393734102137,blue
2014-06-16,11438.005809320137,blue
2014-06-17,11440.209834392648,blue
2014-06-18,11442.413859465392,blue
2014-06-19,11444.617884537904,blue
2014-06-20,11446.821909610648,blue
2014-06-23,11453.433984828414,blue
2014-06-24,11455.638009901159,blue
2014-06-25,11457.84203497367,blue
2014-06-26,11460.046060046414,blue
2014-06-27,11462.250085118925,blue
2014-06-30,11468.862160336925,blue
2014-07-01,11471.066185409669,blue
2014-07-02,11473.27021048218,blue
2014-07-03,11475.474235554924,blue
2014-07-04,11477.678260627436,blue
2014-07-07,11484.290335845435,blue
2014-07-08,11486.494360917946,blue
2014-07-09,11488.69838599069,blue
2014-07-10,11490.902411063202,blue
2014-07-11,11493.106436135946,blue
2014-07-14,11499.718511353713,blue
2014-07-15,11501.922536426457,blue
2014-07-16,11504.126561498968,blue
2014-07-17,11506.330586571712,blue
2014-07-18,11508.534611644456,blue
2014-07-21,11515.146686862223,blue
2014-07-22,11517.350711934967,blue
2014-07-23,11519.554737007478,blue
2014-07-24,11521.758762080222,blue
2014-07-25,11523.962787152734,blue
2014-08-04,11546.003037879243,blue
2014-08-05,11548.207062951755,blue
2014-08-06,11550.411088024499,blue
2014-08-07,11552.61511309701,blue
2014-08-08,11554.819138169754,blue
2014-08-11,11561.431213387521,blue
2014-08-12,11563.635238460265,blue
2014-08-13,11565.839263532776,blue
2014-08-14,11568.04328860552,blue
2014-08-15,11570.247313678032,blue
2014-08-18,11576.859388896031,blue
2014-08-19,11579.063413968775,blue
2014-08-20,11581.267439041287,blue
2014-08-21,11583.47146411403,blue
2014-08-22,11585.675489186542,blue
2014-08-25,11592.287564404542,blue
2014-08-26,11594.491589477053,blue
2014-08-27,11596.695614549797,blue
2014-08-28,11598.899639622308,blue
2014-08-29,11601.103664695052,blue
2014-09-01,11607.71573991282,blue
2014-09-02,11609.919764985563,blue
2014-09-03,11612.123790058075,blue
2014-09-04,11614.327815130819,blue
2014-09-05,11616.531840203563,blue
2014-09-08,11623.14391542133,blue
2014-09-09,11625.347940494074,blue
2014-09-10,11627.551965566585,blue
2014-09-11,11629.755990639329,blue
2014-09-12,11631.96001571184,blue
2014-09-15,11638.57209092984,blue
2014-09-16,11640.776116002351,blue
2014-09-17,11642.980141075095,blue
2014-09-18,11645.184166147606,blue
2014-09-19,11647.38819122035,blue
2014-09-22,11654.00026643835,blue
2014-09-23,11656.204291510861,blue
2014-09-24,11658.408316583605,blue
2014-09-25,11660.612341656117,blue
2014-09-26,11662.81636672886,blue
2014-09-29,11669.428441946628,blue
2014-09-30,11671.632467019372,blue
2014-10-01,11673.836492091883,blue
2014-10-02,11676.040517164627,blue
2014-10-03,11678.244542237138,blue
2014-10-06,11684.856617455138,blue
2014-10-07,11687.060642527882,blue
2014-10-08,11689.264667600393,blue
2014-10-09,11691.468692673137,blue
2014-10-10,11693.672717745649,blue
2014-10-13,11700.284792963648,blue
2014-10-14,11702.48881803616,blue
2014-10-15,11704.692843108904,blue
2014-10-16,11706.896868181415,blue
2014-10-17,11709.100893254159,blue
2014-10-20,11715.712968471926,blue
2014-10-21,11717.91699354467,blue
2014-10-22,11720.121018617181,blue
2014-10-23,11722.325043689925,blue
2014-10-24,11724.52906876267,blue
2014-10-27,11731.141143980436,blue
2014-10-28,11733.34516905318,blue
2014-10-29,11735.549194125691,blue
2014-10-30,11737.753219198436,blue
2014-10-31,11739.957244270947,blue
2014-11-03,11746.569319488946,blue
2014-11-04,11748.773344561458,blue
2014-11-05,11750.977369634202,blue
2014-11-06,11753.181394706713,blue
2014-11-07,11755.385419779457,blue
2014-11-10,11761.997494997457,blue
2014-11-11,11764.201520069968,blue
2014-11-12,11766.405545142712,blue
2014-11-13,11768.609570215223,blue
2014-11-14,11770.813595287967,blue
2014-11-17,11777.425670505734,blue
2014-11-18,11779.629695578478,blue
2014-11-19,11781.83372065099,blue
2014-11-20,11784.037745723734,blue
2014-11-21,11786.241770796245,blue
2014-11-24,11792.853846014244,blue
2014-11-25,11795.057871086989,blue
2014-11-26,11797.2618961595,blue
2014-11-27,11799.465921232244,blue
2014-11-28,11801.669946304755,blue
2014-12-01,11808.282021522755,blue
2014-12-02,11810.486046595266,blue
2014-12-03,11812.69007166801,blue
2014-12-04,11814.894096740521,blue
2014-12-05,11817.098121813266,blue
2014-12-08,11823.710197031032,blue
2014-12-09,11825.914222103776,blue
2014-12-10,11828.118247176288,blue
2014-12-11,11830.322272249032,blue
2014-12-12,11832.526297321776,blue
2014-12-15,11839.138372539543,blue
2014-12-16,11841.342397612287,blue
2014-12-17,11843.546422684798,blue
2014-12-18,11845.750447757542,blue
2014-12-19,11847.954472830053,blue
2014-12-22,11854.566548048053,blue
2014-12-23,11856.770573120564,blue
2014-12-24,11858.974598193308,blue
2014-12-29,11869.994723556563,blue
2014-12-30,11872.198748629075,blue
2015-01-02,11878.810823847074,blue
2015-01-05,11885.42289906484,blue
2015-01-06,11887.626924137585,blue
2015-01-07,11889.830949210096,blue
2015-01-08,11892.03497428284,blue
2015-01-09,11894.238999355352,blue
2015-01-12,11900.851074573351,blue
2015-01-13,11903.055099646095,blue
2015-01-14,11905.259124718606,blue
2015-01-15,11907.46314979135,blue
2015-01-16,11909.667174863862,blue
2015-01-19,11916.279250081861,blue
2015-01-20,11918.483275154373,blue
2015-01-21,11920.687300227117,blue
2015-01-22,11922.891325299628,blue
2015-01-23,11925.095350372372,blue
2015-01-26,11931.707425590139,blue
2015-01-27,11933.911450662883,blue
2015-01-28,11936.115475735394,blue
2015-01-29,11938.319500808138,blue
2015-01-30,11940.523525880883,blue
2015-02-02,11947.13560109865,blue
2015-02-03,11949.339626171393,blue
2015-02-04,11951.543651243905,blue
2015-02-05,11953.747676316649,blue
2015-02-06,11955.95170138916,blue
2015-02-09,11962.56377660716,blue
2015-02-10,11964.76780167967,blue
2015-02-11,11966.971826752415,blue
2015-02-12,11969.175851824926,blue
2015-02-13,11971.37987689767,blue
2015-02-16,11977.99195211567,blue
2015-02-17,11980.195977188181,blue
2015-02-18,11982.400002260925,blue
2015-02-20,11986.80805240618,blue
2015-02-23,11993.420127623947,blue
2015-02-24,11995.624152696691,blue
2015-02-25,11997.828177769203,blue
2015-02-26,12000.032202841947,blue
2015-02-27,12002.236227914458,blue
2015-03-02,12008.848303132458,blue
2015-03-03,12011.052328205202,blue
2015-03-04,12013.256353277713,blue
2015-03-05,12015.460378350457,blue
2015-03-06,12017.664403422968,blue
2015-03-09,12024.276478640968,blue
2015-03-10,12026.48050371348,blue
2015-03-11,12028.684528786223,blue
2015-03-12,12030.888553858735,blue
2015-03-13,12033.092578931479,blue
2015-03-16,12039.704654149245,blue
2015-03-17,12041.90867922199,blue
2015-03-18,12044.1127042945,blue
2015-03-19,12046.316729367245,blue
2015-03-20,12048.52075443999,blue
2015-03-23,12055.132829657756,blue
2015-03-24,12057.3368547305,blue
2015-03-25,12059.540879803011,blue
2015-03-26,12061.744904875755,blue
2015-03-27,12063.948929948267,blue
2015-03-30,12070.561005166266,blue
2015-03-31,12072.765030238777,blue
2015-04-01,12074.969055311522,blue
2015-04-02,12077.173080384033,blue
2015-04-06,12085.989180674776,blue
2015-04-07,12088.193205747288,blue
2015-04-08,12090.397230820032,blue
2015-04-09,12092.601255892543,blue
2015-04-10,12094.805280965287,blue
2015-04-13,12101.417356183054,blue
2015-04-14,12103.621381255798,blue
2015-04-15,12105.82540632831,blue
2015-04-16,12108.029431401053,blue
2015-04-17,12110.233456473565,blue
2015-04-20,12116.845531691564,blue
2015-04-21,12119.049556764308,blue
2015-04-22,12121.25358183682,blue
2015-04-23,12123.457606909564,blue
2015-04-24,12125.661631982075,blue
2015-04-27,12132.273707200075,blue
2015-04-28,12134.477732272586,blue
2015-04-29,12136.68175734533,blue
2015-04-30,12138.885782417841,blue
2015-05-04,12147.701882708352,blue
2015-05-05,12149.905907781096,blue
2015-05-06,12152.109932853607,blue
2015-05-07,12154.313957926352,blue
2015-05-08,12156.517982999096,blue
2015-05-11,12163.130058216862,blue
2015-05-12,12165.334083289606,blue
2015-05-13,12167.538108362118,blue
2015-05-15,12171.946158507373,blue
2015-05-18,12178.558233725373,blue
2015-05-19,12180.762258797884,blue
2015-05-20,12182.966283870628,blue
2015-05-21,12185.17030894314,blue
2015-05-22,12187.374334015884,blue
2015-05-25,12193.986409233883,blue
2015-05-26,12196.190434306394,blue
2015-05-27,12198.394459379138,blue
2015-05-28,12200.59848445165,blue
2015-05-29,12202.802509524394,blue
2015-06-01,12209.41458474216,blue
2015-06-03,12213.822634887416,blue
2015-06-04,12216.02665996016,blue
2015-06-05,12218.230685032671,blue
2015-06-08,12224.84276025067,blue
2015-06-09,12227.046785323415,blue
2015-06-10,12229.250810395926,blue
2015-06-11,12231.45483546867,blue
2015-06-12,12233.658860541182,blue
2015-06-15,12240.270935759181,blue
2015-06-16,12242.474960831692,blue
2015-06-17,12244.678985904437,blue
2015-06-18,12246.883010976948,blue
2015-06-19,12249.087036049692,blue
2015-06-22,12255.699111267459,blue
2015-06-23,12257.903136340203,blue
2015-06-24,12260.107161412714,blue
2015-06-25,12262.311186485458,blue
2015-06-26,12264.515211558202,blue
2015-06-29,12271.127286775969,blue
2015-06-30,12273.331311848713,blue
2015-07-01,12275.535336921224,blue
2015-07-02,12277.739361993968,blue
2015-07-03,12279.94338706648,blue
2015-07-06,12286.55546228448,blue
2015-07-07,12288.75948735699,blue
2015-07-08,12290.963512429735,blue
2015-07-09,12293.167537502246,blue
2015-07-10,12295.37156257499,blue
2015-07-13,12301.98363779299,blue
2015-07-14,12304.1876628655,blue
2015-07-15,12306.391687938245,blue
2015-07-22,12321.819863446523,blue
2015-07-23,12324.023888519267,blue
2015-07-24,12326.227913591778,blue
2015-07-27,12332.839988809777,blue
2015-07-28,12335.044013882522,blue
2015-07-29,12337.248038955033,blue
2015-07-30,12339.452064027777,blue
2015-07-31,12341.656089100288,blue
2015-08-03,12348.268164318288,blue
2015-08-04,12350.472189390799,blue
2015-08-05,12352.676214463543,blue
2015-08-06,12354.880239536054,blue
2015-08-07,12357.084264608799,blue
2015-08-10,12363.696339826565,blue
2015-08-11,12365.90036489931,blue
2015-08-12,12368.10438997182,blue
2015-08-13,12370.308415044565,blue
2015-08-14,12372.512440117309,blue
2015-08-18,12381.32854040782,blue
2015-08-19,12383.532565480331,blue
2015-08-20,12385.736590553075,blue
2015-08-21,12387.940615625586,blue
2015-08-24,12394.552690843586,blue
2015-08-25,12396.756715916097,blue
2015-08-26,12398.960740988841,blue
2015-08-27,12401.164766061353,blue
2015-08-28,12403.368791134097,blue
2015-08-31,12409.980866352096,blue
2015-09-01,12412.184891424607,blue
2015-09-02,12414.388916497352,blue
2015-09-03,12416.592941569863,blue
2015-09-04,12418.796966642607,blue
2015-09-07,12425.409041860374,blue
2015-09-08,12427.613066933118,blue
2015-09-09,12429.81709200563,blue
2015-09-10,12432.021117078373,blue
2015-09-11,12434.225142150884,blue
2015-09-14,12440.837217368884,blue
2015-09-15,12443.041242441628,blue
2015-09-16,12445.24526751414,blue
2015-09-17,12447.449292586884,blue
2015-09-18,12449.653317659395,blue
2015-09-21,12456.265392877394,blue
2015-09-22,12458.469417949906,blue
2015-09-23,12460.67344302265,blue
2015-09-25,12465.081493167905,blue
2015-09-28,12471.693568385672,blue
2015-09-29,12473.897593458416,blue
2015-09-30,12476.101618530927,blue
2015-10-01,12478.305643603671,blue
2015-10-02,12480.509668676415,blue
2015-10-05,12487.121743894182,blue
2015-10-06,12489.325768966926,blue
2015-10-07,12491.529794039438,blue
2015-10-08,12493.733819112182,blue
2015-10-09,12495.937844184693,blue
2015-10-12,12502.549919402692,blue
2015-10-13,12504.753944475204,blue
2015-10-15,12509.16199462046,blue
2015-10-16,12511.366019693203,blue
2015-10-19,12517.978094911203,blue
2015-10-20,12520.182119983714,blue
2015-10-21,12522.386145056458,blue
2015-10-22,12524.59017012897,blue
2015-10-23,12526.794195201714,blue
2015-10-26,12533.40627041948,blue
2015-10-27,12535.610295492224,blue
2015-10-28,12537.814320564736,blue
2015-10-29,12540.01834563748,blue
2015-10-30,12542.222370709991,blue
2015-11-02,12548.83444592799,blue
2015-11-03,12551.038471000735,blue
2015-11-04,12553.242496073246,blue
2015-11-05,12555.44652114599,blue
2015-11-06,12557.650546218501,blue
2015-11-09,12564.262621436501,blue
2015-11-10,12566.466646509012,blue
2015-11-11,12568.670671581756,blue
2015-11-12,12570.874696654268,blue
2015-11-13,12573.078721727012,blue
2015-11-16,12579.690796944778,blue
2015-11-17,12581.894822017523,blue
2015-11-18,12584.098847090034,blue
2015-11-19,12586.302872162778,blue
2015-11-20,12588.506897235522,blue
2015-11-23,12595.118972453289,blue
2015-11-24,12597.322997526033,blue
2015-11-25,12599.527022598544,blue
2015-11-26,12601.731047671288,blue
2015-11-27,12603.9350727438,blue
2015-11-30,12610.547147961799,blue
2015-12-01,12612.75117303431,blue
2015-12-02,12614.955198107054,blue
2015-12-03,12617.159223179566,blue
2015-12-04,12619.36324825231,blue
2015-12-07,12625.97532347031,blue
2015-12-08,12628.17934854282,blue
2015-12-09,12630.383373615565,blue
2015-12-10,12632.587398688076,blue
2015-12-11,12634.79142376082,blue
2015-12-14,12641.403498978587,blue
2015-12-15,12643.607524051331,blue
2015-12-16,12645.811549123842,blue
2015-12-17,12648.015574196586,blue
2015-12-18,12650.219599269098,blue
2015-12-21,12656.831674487097,blue
2015-12-22,12659.035699559841,blue
2015-12-23,12661.239724632353,blue
2015-12-28,12672.259849995608,blue
2015-12-29,12674.463875068119,blue
2015-12-30,12676.667900140863,blue
2016-01-04,12687.688025503885,blue
2016-01-05,12689.89205057663,blue
2016-01-06,12692.09607564914,blue
2016-01-07,12694.300100721885,blue
2016-01-08,12696.504125794629,blue
2016-01-11,12703.116201012395,blue
2016-01-12,12705.32022608514,blue
2016-01-13,12707.52425115765,blue
2016-01-14,12709.728276230395,blue
2016-01-15,12711.932301302906,blue
2016-01-18,12718.544376520906,blue
2016-01-19,12720.748401593417,blue
2016-01-20,12722.952426666161,blue
2016-01-21,12725.156451738672,blue
2016-01-22,12727.360476811416,blue
2016-01-25,12733.972552029416,blue
2016-01-26,12736.176577101927,blue
2016-01-27,12738.380602174671,blue
2016-01-28,12740.584627247183,blue
2016-01-29,12742.788652319927,blue
2016-02-01,12749.400727537693,blue
2016-02-02,12751.604752610438,blue
2016-02-03,12753.808777682949,blue
2016-02-04,12756.012802755693,blue
2016-02-05,12758.216827828204,blue
2016-02-09,12767.032928118948,blue
2016-02-10,12769.23695319146,blue
2016-02-11,12771.440978264203,blue
2016-02-12,12773.645003336715,blue
2016-02-15,12780.257078554714,blue
2016-02-16,12782.461103627225,blue
2016-02-17,12784.66512869997,blue
2016-02-18,12786.86915377248,blue
2016-02-19,12789.073178845225,blue
2016-02-22,12795.685254062992,blue
2016-02-23,12797.889279135736,blue
2016-02-24,12800.093304208247,blue
2016-02-25,12802.297329280991,blue
2016-02-26,12804.501354353735,blue
2016-02-29,12811.113429571502,blue
2016-03-01,12813.317454644246,blue
2016-03-02,12815.521479716757,blue
2016-03-03,12817.725504789501,blue
2016-03-04,12819.929529862013,blue
2016-03-07,12826.541605080012,blue
2016-03-08,12828.745630152524,blue
2016-03-10,12833.153680297779,blue
2016-03-15,12844.173805661034,blue
2016-03-16,12846.377830733778,blue
2016-03-17,12848.58185580629,blue
2016-03-18,12850.785880879033,blue
2016-03-21,12857.3979560968,blue
2016-03-22,12859.601981169544,blue
2016-03-23,12861.806006242055,blue
2016-03-24,12864.0100313148,blue
2016-03-28,12872.82613160531,blue
2016-03-29,12875.030156678054,blue
2016-03-30,12877.234181750566,blue
2016-03-31,12879.43820682331,blue
2016-04-01,12881.642231895821,blue
2016-04-04,12888.25430711382,blue
2016-04-05,12890.458332186332,blue
2016-04-06,12892.662357259076,blue
2016-04-07,12894.866382331587,blue
2016-04-08,12897.070407404331,blue
2016-04-12,12905.886507694842,blue
2016-04-19,12921.314683203353,blue
2016-04-20,12923.518708275864,blue
2016-04-21,12925.722733348608,blue
2016-04-22,12927.92675842112,blue
2016-04-25,12934.538833639119,blue
2016-04-26,12936.74285871163,blue
2016-04-27,12938.946883784374,blue
2016-04-28,12941.150908856886,blue
2016-04-29,12943.35493392963,blue
2016-05-02,12949.96700914763,blue
2016-05-03,12952.17103422014,blue
2016-05-04,12954.375059292885,blue
2016-05-09,12965.395184655907,blue
2016-05-10,12967.59920972865,blue
2016-05-11,12969.803234801162,blue
2016-05-12,12972.007259873906,blue
2016-05-13,12974.211284946417,blue
2016-05-16,12980.823360164417,blue
2016-05-17,12983.027385237161,blue
2016-05-18,12985.231410309672,blue
2016-05-19,12987.435435382416,blue
2016-05-20,12989.639460454928,blue
2016-05-23,12996.251535672927,blue
2016-05-24,12998.455560745439,blue
2016-05-25,13000.659585818183,blue
2016-05-26,13002.863610890694,blue
2016-05-27,13005.067635963438,blue
2016-05-30,13011.679711181205,blue
2016-05-31,13013.883736253949,blue
2016-06-01,13016.08776132646,blue
2016-06-02,13018.291786399204,blue
2016-06-03,13020.495811471948,blue
2016-06-06,13027.107886689715,blue
2016-06-07,13029.31191176246,blue
2016-06-08,13031.51593683497,blue
2016-06-09,13033.719961907715,blue
2016-06-10,13035.923986980226,blue
2016-06-13,13042.536062198225,blue
2016-06-14,13044.740087270737,blue
2016-06-15,13046.94411234348,blue
2016-06-16,13049.148137415992,blue
2016-06-17,13051.352162488736,blue
2016-06-20,13057.964237706736,blue
2016-06-21,13060.168262779247,blue
2016-06-22,13062.372287851991,blue
2016-06-23,13064.576312924502,blue
2016-06-24,13066.780337997247,blue
2016-06-27,13073.392413215013,blue
2016-06-28,13075.596438287757,blue
2016-06-29,13077.800463360269,blue
2016-06-30,13080.004488433013,blue
2016-07-01,13082.208513505524,blue
2016-07-11,13104.248764232034,blue
2016-07-12,13106.452789304545,blue
2016-07-13,13108.65681437729,blue
2016-07-14,13110.8608394498,blue
2016-07-15,13113.064864522545,blue
2016-07-18,13119.676939740311,blue
2016-07-19,13121.880964813055,blue
2016-07-20,13124.084989885567,blue
2016-07-21,13126.28901495831,blue
2016-07-22,13128.493040031055,blue
2016-07-25,13135.105115248822,blue
2016-07-26,13137.309140321566,blue
2016-07-27,13139.513165394077,blue
2016-07-28,13141.717190466821,blue
2016-07-29,13143.921215539332,blue
2016-08-01,13150.533290757332,blue
2016-08-02,13152.737315829843,blue
2016-08-03,13154.941340902587,blue
2016-08-04,13157.145365975099,blue
2016-08-05,13159.349391047843,blue
2016-08-08,13165.961466265842,blue
2016-08-09,13168.165491338354,blue
2016-08-10,13170.369516411098,blue
2016-08-11,13172.573541483609,blue
2016-08-12,13174.777566556353,blue
2016-08-15,13181.38964177412,blue
2016-08-16,13183.593666846864,blue
2016-08-18,13188.00171699212,blue
2016-08-19,13190.20574206463,blue
2016-08-22,13196.81781728263,blue
2016-08-23,13199.021842355374,blue
2016-08-24,13201.225867427886,blue
2016-08-25,13203.42989250063,blue
2016-08-26,13205.633917573141,blue
2016-08-29,13212.24599279114,blue
2016-08-30,13214.450017863652,blue
2016-08-31,13216.654042936396,blue
2016-09-01,13218.858068008907,blue
2016-09-02,13221.062093081651,blue
2016-09-05,13227.674168299418,blue
2016-09-06,13229.878193372162,blue
2016-09-07,13232.082218444673,blue
2016-09-08,13234.286243517417,blue
2016-09-09,13236.490268590162,blue
2016-09-13,13245.306368880672,blue
2016-09-14,13247.510393953184,blue
2016-09-15,13249.714419025928,blue
2016-09-16,13251.918444098439,blue
2016-09-19,13258.530519316439,blue
2016-09-20,13260.73454438895,blue
2016-09-21,13262.938569461694,blue
2016-09-22,13265.142594534205,blue
2016-09-23,13267.34661960695,blue
2016-09-26,13273.958694824949,blue
2016-09-27,13276.16271989746,blue
2016-09-28,13278.366744970204,blue
2016-09-29,13280.570770042716,blue
2016-09-30,13282.77479511546,blue
2016-10-03,13289.386870333226,blue
2016-10-04,13291.59089540597,blue
2016-10-05,13293.794920478482,blue
2016-10-06,13295.998945551226,blue
2016-10-07,13298.202970623737,blue
2016-10-10,13304.815045841737,blue
2016-10-11,13307.01907091448,blue
2016-10-12,13309.223095986992,blue
2016-10-13,13311.427121059736,blue
2016-10-14,13313.631146132248,blue
2016-10-17,13320.243221350247,blue
2016-10-18,13322.447246422758,blue
2016-10-19,13324.651271495502,blue
2016-10-20,13326.855296568014,blue
2016-10-21,13329.059321640758,blue
2016-10-24,13335.671396858525,blue
2016-10-25,13337.875421931269,blue
2016-10-26,13340.07944700378,blue
2016-10-27,13342.283472076524,blue
2016-10-28,13344.487497149268,blue
2016-10-31,13351.099572367035,blue
2016-11-01,13353.303597439779,blue
2016-11-02,13355.50762251229,blue
2016-11-03,13357.711647585034,blue
2016-11-04,13359.915672657546,blue
2016-11-07,13366.527747875545,blue
2016-11-08,13368.731772948056,blue
2016-11-09,13370.9357980208,blue
2016-11-10,13373.139823093312,blue
2016-11-11,13375.343848166056,blue
2016-11-14,13381.955923384055,blue
2016-11-15,13384.159948456567,blue
2016-11-16,13386.36397352931,blue
2016-11-17,13388.567998601822,blue
2016-11-18,13390.772023674566,blue
2016-11-21,13397.384098892333,blue
2016-11-22,13399.588123965077,blue
2016-11-23,13401.792149037588,blue
2016-11-24,13403.996174110333,blue
2016-11-25,13406.200199182844,blue
2016-11-28,13412.812274400843,blue
2016-11-29,13415.016299473587,blue
2016-11-30,13417.220324546099,blue
2016-12-01,13419.424349618843,blue
2016-12-02,13421.628374691354,blue
2016-12-05,13428.240449909354,blue
2016-12-06,13430.444474981865,blue
2016-12-07,13432.648500054609,blue
2016-12-08,13434.85252512712,blue
2016-12-09,13437.056550199864,blue
2016-12-13,13445.872650490375,blue
2016-12-14,13448.076675562887,blue
2016-12-15,13450.28070063563,blue
2016-12-16,13452.484725708375,blue
2016-12-19,13459.096800926141,blue
2016-12-20,13461.300825998886,blue
2016-12-21,13463.504851071397,blue
2016-12-22,13465.708876144141,blue
2016-12-23,13467.912901216652,blue
2016-12-27,13476.729001507163,blue
2016-12-28,13478.933026579907,blue
2016-12-29,13481.137051652418,blue
2016-12-30,13483.341076725163,blue
2017-01-02,13489.953151943162,blue
2017-01-03,13492.157177015673,blue
2017-01-04,13494.361202088417,blue
2017-01-05,13496.565227160929,blue
2017-01-06,13498.769252233673,blue
2017-01-09,13505.38132745144,blue
2017-01-10,13507.585352524184,blue
2017-01-11,13509.789377596695,blue
2017-01-12,13511.99340266944,blue
2017-01-13,13514.19742774195,blue
2017-01-16,13520.80950295995,blue
2017-01-17,13523.013528032694,blue
2017-01-18,13525.217553105205,blue
2017-01-19,13527.42157817795,blue
2017-01-20,13529.62560325046,blue
2017-01-23,13536.23767846846,blue
2017-01-24,13538.441703540972,blue
2017-01-25,13540.645728613716,blue
2017-01-26,13542.849753686227,blue
2017-01-27,13545.053778758971,blue
2017-01-30,13551.665853976738,blue
2017-01-31,13553.869879049482,blue
2017-02-01,13556.073904121993,blue
2017-02-02,13558.277929194737,blue
2017-02-03,13560.481954267481,blue
2017-02-06,13567.094029485248,blue
2017-02-07,13569.298054557992,blue
2017-02-08,13571.502079630503,blue
2017-02-09,13573.706104703248,blue
2017-02-10,13575.910129775759,blue
2017-02-13,13582.522204993758,blue
2017-02-14,13584.72623006627,blue
2017-02-15,13586.930255139014,blue
2017-02-16,13589.134280211525,blue
2017-02-17,13591.33830528427,blue
2017-02-20,13597.950380502269,blue
2017-02-21,13600.15440557478,blue
2017-02-22,13602.358430647524,blue
2017-02-23,13604.562455720035,blue
2017-02-24,13606.76648079278,blue
2017-02-27,13613.378556010546,blue
2017-02-28,13615.58258108329,blue
2017-03-01,13617.786606155802,blue
2017-03-02,13619.990631228546,blue
2017-03-03,13622.194656301057,blue
2017-03-06,13628.806731519056,blue
2017-03-07,13631.0107565918,blue
2017-03-08,13633.214781664312,blue
2017-03-09,13635.418806737056,blue
2017-03-10,13637.622831809567,blue
2017-03-13,13644.234907027567,blue
2017-03-14,13646.438932100078,blue
2017-03-15,13648.642957172822,blue
2017-03-16,13650.846982245333,blue
2017-03-17,13653.051007318078,blue
2017-03-20,13659.663082535844,blue
2017-03-21,13661.867107608588,blue
2017-03-22,13664.0711326811,blue
2017-03-23,13666.275157753844,blue
2017-03-24,13668.479182826588,blue
2017-03-27,13675.091258044355,blue
2017-03-29,13679.49930818961,blue
2017-03-30,13681.703333262354,blue
2017-03-31,13683.907358334865,blue
2017-04-03,13690.519433552865,blue
2017-04-04,13692.723458625376,blue
2017-04-05,13694.92748369812,blue
2017-04-06,13697.131508770632,blue
2017-04-07,13699.335533843376,blue
2017-04-10,13705.947609061375,blue
2017-04-11,13708.151634133887,blue
2017-04-12,13710.35565920663,blue
2017-04-13,13712.559684279142,blue
2017-04-17,13721.375784569653,blue
2017-04-18,13723.579809642397,blue
2017-04-19,13725.783834714908,blue
2017-04-20,13727.987859787652,blue
2017-04-21,13730.191884860164,blue
2017-04-25,13739.007985150907,blue
2017-04-26,13741.212010223418,blue
2017-04-27,13743.416035296163,blue
2017-04-28,13745.620060368674,blue
2017-05-02,13754.436160659185,blue
2017-05-03,13756.640185731929,blue
2017-05-04,13758.84421080444,blue
2017-05-05,13761.048235877184,blue
2017-05-08,13767.66031109495,blue
2017-05-09,13769.864336167695,blue
2017-05-10,13772.068361240206,blue
2017-05-12,13776.476411385695,blue
2017-05-15,13783.088486603461,blue
2017-05-16,13785.292511676205,blue
2017-05-17,13787.496536748717,blue
2017-05-18,13789.70056182146,blue
2017-05-19,13791.904586893972,blue
2017-05-22,13798.516662111972,blue
2017-05-23,13800.720687184483,blue
2017-05-24,13802.924712257227,blue
2017-05-26,13807.332762402482,blue
2017-05-29,13813.944837620482,blue
2017-05-30,13816.148862692993,blue
2017-05-31,13818.352887765737,blue
2017-06-01,13820.556912838249,blue
2017-06-02,13822.760937910993,blue
2017-06-05,13829.37301312876,blue
2017-06-06,13831.577038201503,blue
2017-06-07,13833.781063274015,blue
2017-06-08,13835.985088346759,blue
2017-06-09,13838.18911341927,blue
2017-06-12,13844.80118863727,blue
2017-06-13,13847.005213710014,blue
2017-06-14,13849.209238782525,blue
2017-06-15,13851.41326385527,blue
2017-06-16,13853.61728892778,blue
2017-06-19,13860.22936414578,blue
2017-06-20,13862.433389218291,blue
2017-06-21,13864.637414291035,blue
2017-06-22,13866.841439363547,blue
2017-06-23,13869.04546443629,blue
2017-06-26,13875.657539654057,blue
2017-06-27,13877.861564726802,blue
2017-06-28,13880.065589799313,blue
2017-06-29,13882.269614872057,blue
2017-06-30,13884.473639944801,blue
2017-07-03,13891.085715162568,blue
2017-07-04,13893.289740235312,blue
2017-07-05,13895.493765307823,blue
2017-07-06,13897.697790380567,blue
2017-07-07,13899.901815453079,blue
2017-07-10,13906.513890671078,blue
2017-07-11,13908.71791574359,blue
2017-07-12,13910.921940816334,blue
2017-07-13,13913.125965888845,blue
2017-07-14,13915.329990961589,blue
2017-07-17,13921.942066179588,blue
2017-07-18,13924.1460912521,blue
2017-07-19,13926.350116324844,blue
2017-07-20,13928.554141397355,blue
2017-07-21,13930.7581664701,blue
2017-07-24,13937.370241687866,blue
2017-07-25,13939.57426676061,blue
2017-07-26,13941.778291833121,blue
2017-07-27,13943.982316905865,blue
2017-07-28,13946.186341978377,blue
2017-07-31,13952.798417196376,blue
2017-08-01,13955.00244226912,blue
2017-08-02,13957.206467341632,blue
2017-08-03,13959.410492414376,blue
2017-08-04,13961.614517486887,blue
2017-08-07,13968.226592704887,blue
2017-08-08,13970.430617777398,blue
2017-08-09,13972.634642850142,blue
2017-08-10,13974.838667922653,blue
2017-08-11,13977.042692995397,blue
2017-08-14,13983.654768213164,blue
2017-08-15,13985.858793285908,blue
2017-08-16,13988.06281835842,blue
2017-08-17,13990.266843431164,blue
2017-08-18,13992.470868503908,blue
2017-08-21,13999.082943721674,blue
2017-08-22,14001.286968794418,blue
2017-08-23,14003.49099386693,blue
2017-08-24,14005.695018939674,blue
2017-08-25,14007.899044012185,blue
2017-08-28,14014.511119230185,blue
2017-08-29,14016.715144302696,blue
2017-08-30,14018.91916937544,blue
2017-08-31,14021.123194447951,blue
2017-09-01,14023.327219520696,blue
2017-09-04,14029.939294738695,blue
2017-09-05,14032.143319811206,blue
2017-09-06,14034.34734488395,blue
2017-09-07,14036.551369956462,blue
2017-09-08,14038.755395029206,blue
2017-09-11,14045.367470246973,blue
2017-09-12,14047.571495319717,blue
2017-09-13,14049.775520392228,blue
2017-09-14,14051.979545464972,blue
2017-09-15,14054.183570537483,blue
2017-09-18,14060.795645755483,blue
2017-09-19,14062.999670828227,blue
2017-09-20,14065.203695900738,blue
2017-09-21,14067.407720973482,blue
2017-09-22,14069.611746045994,blue
2017-09-25,14076.223821263993,blue
2017-09-26,14078.427846336504,blue
2017-09-27,14080.631871409249,blue
2017-09-28,14082.83589648176,blue
2017-09-29,14085.039921554504,blue
2017-10-02,14091.65199677227,blue
2017-10-03,14093.856021845015,blue
2017-10-04,14096.060046917526,blue
2017-10-05,14098.26407199027,blue
2017-10-06,14100.468097063014,blue
2017-10-09,14107.080172280781,blue
2017-10-10,14109.284197353525,blue
2017-10-11,14111.488222426036,blue
2017-10-12,14113.69224749878,blue
2017-10-13,14115.896272571292,blue
2017-10-16,14122.508347789291,blue
2017-10-17,14124.712372861803,blue
2017-10-18,14126.916397934547,blue
2017-10-19,14129.120423007058,blue
2017-10-20,14131.324448079802,blue
2017-10-23,14137.936523297802,blue
2017-10-24,14140.140548370313,blue
2017-10-25,14142.344573443057,blue
2017-10-26,14144.548598515568,blue
2017-10-27,14146.752623588312,blue
2017-10-30,14153.36469880608,blue
2017-10-31,14155.568723878823,blue
2017-11-01,14157.772748951335,blue
2017-11-02,14159.976774024079,blue
2017-11-03,14162.18079909659,blue
2017-11-06,14168.79287431459,blue
2017-11-07,14170.996899387334,blue
2017-11-08,14173.200924459845,blue
2017-11-09,14175.404949532589,blue
2017-11-10,14177.6089746051,blue
2017-11-13,14184.2210498231,blue
2017-11-14,14186.425074895611,blue
2017-11-15,14188.629099968355,blue
2017-11-16,14190.833125040866,blue
2017-11-17,14193.03715011361,blue
2017-11-20,14199.649225331377,blue
2017-11-21,14201.853250404121,blue
2017-11-22,14204.057275476633,blue
2017-11-23,14206.261300549377,blue
2017-11-24,14208.46532562212,blue
2017-11-27,14215.077400839888,blue
2017-11-28,14217.281425912632,blue
2017-11-29,14219.485450985143,blue
2017-11-30,14221.689476057887,blue
2017-12-01,14223.893501130398,blue
2017-12-04,14230.505576348398,blue
2017-12-05,14232.70960142091,blue
2017-12-06,14234.913626493653,blue
2017-12-07,14237.117651566165,blue
2017-12-08,14239.321676638909,blue
2017-12-11,14245.933751856908,blue
2017-12-12,14248.13777692942,blue
2017-12-13,14250.341802002164,blue
2017-12-14,14252.545827074675,blue
2017-12-15,14254.749852147419,blue
2017-12-18,14261.361927365186,blue
2017-12-19,14263.56595243793,blue
2017-12-20,14265.769977510441,blue
2017-12-21,14267.974002583185,blue
2017-12-22,14270.178027655696,blue
2017-12-25,14276.790102873696,blue
2017-12-26,14278.99412794644,blue
2017-12-27,14281.198153018951,blue
2017-12-28,14283.402178091696,blue
2017-12-29,14285.606203164207,blue
2018-01-01,14292.218278382206,blue
2018-01-02,14294.422303454718,blue
2018-01-03,14296.626328527462,blue
2018-01-04,14298.830353599973,blue
2018-01-05,14301.034378672717,blue
2018-01-08,14307.646453890484,blue
2018-01-09,14309.850478963228,blue
2018-01-10,14312.05450403574,blue
2018-01-11,14314.258529108483,blue
2018-01-12,14316.462554181227,blue
2018-01-15,14323.074629398994,blue
2018-01-16,14325.278654471738,blue
2018-01-17,14327.48267954425,blue
2018-01-18,14329.686704616994,blue
2018-01-19,14331.890729689505,blue
2018-01-22,14338.502804907504,blue
2018-01-23,14340.706829980016,blue
2018-01-24,14342.91085505276,blue
2018-01-25,14345.114880125271,blue
2018-01-26,14347.318905198015,blue
2018-01-29,14353.930980416015,blue
2018-01-30,14356.135005488526,blue
2018-01-31,14358.33903056127,blue
2018-02-01,14360.543055633781,blue
2018-02-02,14362.747080706526,blue
2018-02-05,14369.359155924292,blue
2018-02-06,14371.563180997036,blue
2018-02-07,14373.767206069548,blue
2018-02-08,14375.971231142292,blue
2018-02-09,14378.175256214803,blue
2018-02-12,14384.787331432803,blue
2018-02-13,14386.991356505547,blue
2018-02-14,14389.195381578058,blue
2018-02-15,14391.399406650802,blue
2018-02-16,14393.603431723313,blue
2018-02-19,14400.215506941313,blue
2018-02-20,14402.419532013824,blue
2018-02-21,14404.623557086568,blue
2018-02-22,14406.82758215908,blue
2018-02-23,14409.031607231824,blue
2018-02-26,14415.64368244959,blue
2018-02-27,14417.847707522335,blue
2018-02-28,14420.051732594846,blue
2018-03-01,14422.25575766759,blue
2018-03-02,14424.459782740334,blue
2018-03-05,14431.0718579581,blue
2018-03-06,14433.275883030845,blue
2018-03-07,14435.479908103356,blue
2018-03-08,14437.6839331761,blue
2018-03-09,14439.887958248612,blue
2018-03-12,14446.500033466611,blue
2018-03-13,14448.704058539122,blue
2018-03-14,14450.908083611866,blue
2018-03-15,14453.112108684378,blue
2018-03-16,14455.316133757122,blue
2018-03-19,14461.928208975121,blue
2018-03-20,14464.132234047633,blue
2018-03-21,14466.336259120377,blue
2018-03-22,14468.540284192888,blue
2018-03-23,14470.744309265632,blue
2018-03-26,14477.356384483399,blue
2018-03-27,14479.560409556143,blue
2018-03-28,14481.764434628654,blue
2018-03-29,14483.968459701398,blue
2018-03-30,14486.17248477391,blue
2018-04-02,14492.78455999191,blue
2018-04-03,14494.988585064653,blue
2018-04-04,14497.192610137165,blue
2018-04-05,14499.396635209909,blue
2018-04-06,14501.60066028242,blue
2018-04-09,14508.21273550042,blue
2018-04-10,14510.41676057293,blue
2018-04-11,14512.620785645675,blue
2018-04-12,14514.824810718186,blue
2018-04-13,14517.02883579093,blue
2018-04-16,14523.640911008697,blue
2018-04-17,14525.844936081441,blue
2018-04-18,14528.048961153952,blue
2018-04-19,14530.252986226697,blue
2018-04-20,14532.45701129944,blue
2018-04-23,14539.069086517207,blue
2018-04-24,14541.273111589951,blue
2018-04-25,14543.477136662463,blue
2018-04-26,14545.681161735207,blue
2018-04-27,14547.885186807718,blue
2018-04-30,14554.497262025718,blue
2018-05-01,14556.701287098229,blue
2018-05-02,14558.905312170973,blue
2018-05-03,14561.109337243484,blue
2018-05-04,14563.313362316228,blue
2018-05-07,14569.925437534228,blue
2018-05-08,14572.12946260674,blue
2018-05-09,14574.333487679483,blue
2018-05-10,14576.537512751995,blue
2018-05-11,14578.741537824739,blue
2018-05-14,14585.353613042505,blue
2018-05-15,14587.55763811525,blue
2018-05-16,14589.76166318776,blue
2018-05-17,14591.965688260505,blue
2018-05-18,14594.169713333016,blue
2018-05-21,14600.781788551016,blue
2018-05-22,14602.98581362376,blue
2018-05-23,14605.189838696271,blue
2018-05-24,14607.393863769015,blue
2018-05-25,14609.597888841527,blue
2018-05-28,14616.209964059526,blue
2018-05-29,14618.413989132037,blue
2018-05-30,14620.618014204782,blue
2018-05-31,14622.822039277293,blue
2018-06-01,14625.026064350037,blue
2018-06-04,14631.638139567804,blue
2018-06-05,14633.842164640548,blue
2018-06-06,14636.046189713059,blue
2018-06-07,14638.250214785803,blue
2018-06-08,14640.454239858547,blue
2018-06-11,14647.066315076314,blue
2018-06-12,14649.270340149058,blue
2018-06-13,14651.47436522157,blue
2018-06-14,14653.678390294313,blue
2018-06-15,14655.882415366825,blue
2018-06-18,14662.494490584824,blue
2018-06-19,14664.698515657336,blue
2018-06-20,14666.90254073008,blue
2018-06-21,14669.106565802591,blue
2018-06-22,14671.310590875335,blue
2018-06-25,14677.922666093335,blue
2018-06-26,14680.126691165846,blue
2018-06-27,14682.33071623859,blue
2018-06-28,14684.534741311101,blue
2018-06-29,14686.738766383845,blue
2018-07-02,14693.350841601612,blue
2018-07-03,14695.554866674356,blue
2018-07-04,14697.758891746867,blue
2018-07-05,14699.962916819612,blue
2018-07-06,14702.166941892123,blue
2018-07-09,14708.779017110122,blue
2018-07-10,14710.983042182866,blue
2018-07-11,14713.187067255378,blue
2018-07-12,14715.391092328122,blue
2018-07-13,14717.595117400633,blue
2018-07-16,14724.207192618633,blue
2018-07-17,14726.411217691144,blue
2018-07-18,14728.615242763888,blue
2018-07-19,14730.8192678364,blue
2018-07-20,14733.023292909143,blue
2018-07-23,14739.63536812691,blue
2018-07-24,14741.839393199654,blue
2018-07-25,14744.043418272166,blue
2018-07-26,14746.24744334491,blue
2018-07-27,14748.451468417654,blue
2018-07-30,14755.06354363542,blue
2018-07-31,14757.267568708165,blue
2018-08-01,14759.471593780676,blue
2018-08-02,14761.67561885342,blue
2018-08-03,14763.879643925931,blue
2018-08-06,14770.49171914393,blue
2018-08-07,14772.695744216442,blue
2018-08-08,14774.899769289186,blue
2018-08-09,14777.103794361698,blue
2018-08-10,14779.307819434442,blue
2018-08-13,14785.919894652441,blue
2018-08-14,14788.123919724952,blue
2018-08-15,14790.327944797697,blue
2018-08-16,14792.531969870208,blue
2018-08-17,14794.735994942952,blue
2018-08-20,14801.348070160719,blue
2018-08-21,14803.552095233463,blue
2018-08-22,14805.756120305974,blue
2018-08-23,14807.960145378718,blue
2018-08-24,14810.16417045123,blue
2018-08-27,14816.776245669229,blue
2018-08-28,14818.980270741973,blue
2018-08-29,14821.184295814484,blue
2018-08-30,14823.388320887228,blue
2018-08-31,14825.59234595974,blue
2018-09-03,14832.20442117774,blue
2018-09-04,14834.40844625025,blue
2018-09-05,14836.612471322995,blue
2018-09-06,14838.816496395506,blue
2018-09-07,14841.02052146825,blue
2018-09-10,14847.632596686017,blue
2018-09-11,14849.83662175876,blue
2018-09-12,14852.040646831272,blue
2018-09-13,14854.244671904016,blue
2018-09-14,14856.44869697676,blue
2018-09-17,14863.060772194527,blue
2018-09-18,14865.264797267271,blue
2018-09-19,14867.468822339782,blue
2018-09-20,14869.672847412527,blue
2018-09-21,14871.876872485038,blue
2018-09-24,14878.488947703037,blue
2018-09-25,14880.692972775549,blue
2018-09-26,14882.896997848293,blue
2018-09-27,14885.101022920804,blue
2018-09-28,14887.305047993548,blue
2018-10-01,14893.917123211548,blue
2018-10-02,14896.121148284059,blue
2018-10-03,14898.325173356803,blue
2018-10-04,14900.529198429314,blue
2018-10-05,14902.733223502059,blue
2018-10-08,14909.345298719825,blue
2018-10-09,14911.54932379257,blue
2018-10-10,14913.75334886508,blue
2018-10-11,14915.957373937825,blue
2018-10-12,14918.161399010336,blue
2018-10-15,14924.773474228336,blue
2018-10-16,14926.97749930108,blue
2018-10-17,14929.181524373591,blue
2018-10-18,14931.385549446335,blue
2018-10-19,14933.589574518846,blue
2018-10-22,14940.201649736846,blue
2018-10-23,14942.405674809357,blue
2018-10-24,14944.609699882101,blue
2018-10-25,14946.813724954613,blue
2018-10-26,14949.017750027357,blue
2018-10-29,14955.629825245123,blue
2018-10-30,14957.833850317867,blue
2018-10-31,14960.037875390379,blue
2018-11-01,14962.241900463123,blue
2018-11-02,14964.445925535867,blue
2018-11-05,14971.058000753634,blue
2018-11-06,14973.262025826378,blue
2018-11-07,14975.466050898889,blue
2018-11-08,14977.670075971633,blue
2018-11-09,14979.874101044144,blue
2018-11-12,14986.486176262144,blue
2018-11-13,14988.690201334655,blue
2018-11-14,14990.8942264074,blue
2018-11-15,14993.09825147991,blue
2018-11-16,14995.302276552655,blue
2018-11-19,15001.914351770654,blue
2018-11-20,15004.118376843166,blue
2018-11-21,15006.32240191591,blue
2018-11-22,15008.526426988421,blue
2018-11-23,15010.730452061165,blue
2018-11-26,15017.342527278932,blue
2018-11-27,15019.546552351676,blue
2018-11-28,15021.750577424187,blue
2018-11-29,15023.954602496931,blue
2018-11-30,15026.158627569443,blue
2018-12-03,15032.770702787442,blue
2018-12-04,15034.974727860186,blue
2018-12-05,15037.178752932698,blue
2018-12-06,15039.382778005442,blue
2018-12-07,15041.586803077953,blue
2018-12-10,15048.198878295952,blue
2018-12-11,15050.402903368464,blue
2018-12-12,15052.606928441208,blue
2018-12-13,15054.81095351372,blue
2018-12-14,15057.014978586463,blue
2018-12-17,15063.62705380423,blue
2018-12-18,15065.831078876974,blue
2018-12-19,15068.035103949485,blue
2018-12-20,15070.23912902223,blue
2018-12-21,15072.443154094974,blue
2018-12-24,15079.05522931274,blue
2018-12-25,15081.259254385484,blue
2018-12-26,15083.463279457996,blue
2018-12-27,15085.66730453074,blue
2018-12-28,15087.871329603251,blue
2018-12-31,15094.48340482125,blue
2019-01-01,15096.687429893762,blue
2019-01-02,15098.891454966506,blue
2019-01-03,15101.095480039017,blue
2019-01-04,15103.299505111761,blue
2019-01-07,15109.91158032976,blue
2019-01-08,15112.115605402272,blue
2019-01-09,15114.319630475016,blue
2019-01-10,15116.523655547528,blue
2019-01-11,15118.727680620272,blue
2019-01-14,15125.339755838038,blue
2019-01-15,15127.543780910783,blue
2019-01-16,15129.747805983294,blue
2019-01-17,15131.951831056038,blue
2019-01-18,15134.15585612855,blue
2019-01-21,15140.767931346549,blue
2019-01-22,15142.971956419293,blue
2019-01-23,15145.175981491804,blue
2019-01-24,15147.380006564548,blue
2019-01-25,15149.58403163706,blue
2019-01-28,15156.196106855059,blue
2019-01-29,15158.40013192757,blue
2019-01-30,15160.604157000314,blue
2019-01-31,15162.808182072826,blue
2019-02-01,15165.01220714557,blue
2019-02-04,15171.624282363337,blue
2019-02-05,15173.82830743608,blue
2019-02-06,15176.032332508592,blue
2019-02-07,15178.236357581336,blue
2019-02-08,15180.44038265408,blue
2019-02-11,15187.052457871847,blue
2019-02-12,15189.256482944591,blue
2019-02-13,15191.460508017102,blue
2019-02-14,15193.664533089846,blue
2019-02-15,15195.868558162358,blue
2019-02-18,15202.480633380357,blue
2019-02-19,15204.684658452868,blue
2019-02-20,15206.888683525613,blue
2019-02-21,15209.092708598124,blue
2019-02-22,15211.296733670868,blue
2019-02-25,15217.908808888867,blue
2019-02-26,15220.112833961379,blue
2019-02-27,15222.316859034123,blue
2019-02-28,15224.520884106634,blue
2019-03-01,15226.724909179378,blue
2019-03-04,15233.336984397145,blue
2019-03-05,15235.54100946989,blue
2019-03-06,15237.7450345424,blue
2019-03-07,15239.949059615145,blue
2019-03-08,15242.153084687656,blue
2019-03-11,15248.765159905655,blue
2019-03-12,15250.9691849784,blue
2019-03-13,15253.17321005091,blue
2019-03-14,15255.377235123655,blue
2019-03-15,15257.581260196166,blue
2019-03-18,15264.193335414166,blue
2019-03-19,15266.397360486677,blue
2019-03-20,15268.601385559421,blue
2019-03-21,15270.805410631932,blue
2019-03-22,15273.009435704676,blue
